Artista,Artista Homologado
3年E組うた担(渚&茅野&業&磯貝&前原),3年E組うた担(渚&茅野&業&磯貝&前原)
3年E組ヌル担(渚&業&寺坂&中村),3年E組ヌル担(渚&業&寺坂&中村)
宮脇詩音,宮脇詩音
4x3,4x3
阿保剛,阿保剛
いとうかなこ,いとうかなこ
Phantasm (FES cv. Sakakibara Yui),Phantasm (FES cv. Sakakibara Yui)
Phantasm (FES cv.Yui Sakakibara),Phantasm (FES cv.Yui Sakakibara)
Afilia Saga East,Afilia Saga East
Okabe Rintarou (CV. Miyano Mamoru),Okabe Rintarou (CV. Miyano Mamoru)
Shiina Mayuri (CV. Hanazawa Kana),Shiina Mayuri (CV. Hanazawa Kana)
Hashida Itaru (CV. Seki Tomokazu),Hashida Itaru (CV. Seki Tomokazu)
Makise Kurisu (CV. Imai Asami),Makise Kurisu (CV. Imai Asami)
Kiryu Moeka (CV. Goto Saori),Kiryu Moeka (CV. Goto Saori)
Urushibara Luka (CV. Kobayashi Yuu),Urushibara Luka (CV. Kobayashi Yuu)
Feyris Nyannyan (CV. Momoi Halko),Feyris Nyannyan (CV. Momoi Halko)
Amane Suzuha (CV. Tamura Yukari),Amane Suzuha (CV. Tamura Yukari)
7!!,7!!
96猫,96猫
9mm Parabellum Bullet,9mm Parabellum Bullet
A9,A9
Ado,Ado
Ado & Jax Jones,Ado
Ado & Jax Jones,Jax Jones
Ado & Hatsune Miku,Ado
Ado & Hatsune Miku,Hatsune Miku
Ado & ジャックス・ジョーンズ,Ado
Ado & ジャックス・ジョーンズ,ジャックス・ジョーンズ
Ado / TeddyLoid,Ado
Ado / TeddyLoid,TeddyLoid
Ado / ジャックス・ジョーンズ,Ado
Ado / ジャックス・ジョーンズ,ジャックス・ジョーンズ
"Adán Cruz, Cecy Leos & 3KMKZ",Adán Cruz
"Adán Cruz, Cecy Leos & 3KMKZ",Cecy Leos
"Adán Cruz, Cecy Leos & 3KMKZ",3KMKZ
aespa,aespa
aespa & TOKiMONSTA,aespa
aespa & TOKiMONSTA,TOKiMONSTA
aespa feat. nævis,aespa
aespa feat. nævis,nævis
Afterglow,Afterglow
Against The Current,Against The Current
Against The Current & guardin,Against The Current
Against The Current & guardin,guardin
Against The Current & TAKA,Against The Current
Against The Current & TAKA,TAKA
"Agoney, Ana Guerra, RAOUL, Aitana & Lola Índigo feat. Maikel Delacalle",Agoney
"Agoney, Ana Guerra, RAOUL, Aitana & Lola Índigo feat. Maikel Delacalle",Ana Guerra
"Agoney, Ana Guerra, RAOUL, Aitana & Lola Índigo feat. Maikel Delacalle",RAOUL
"Agoney, Ana Guerra, RAOUL, Aitana & Lola Índigo feat. Maikel Delacalle",Aitana
"Agoney, Ana Guerra, RAOUL, Aitana & Lola Índigo feat. Maikel Delacalle",Lola Índigo
"Agoney, Ana Guerra, RAOUL, Aitana & Lola Índigo feat. Maikel Delacalle",Maikel Delacalle
AIKI & AKINO from bless4,AIKI
AIKI & AKINO from bless4,AKINO from bless4
AIKI from bless4,AIKI from bless4
Aimer,Aimer
Aimer with chelly,Aimer
Aimer with chelly,chelly
SawanoHiroyuki[nZk] feat. Aimer,SawanoHiroyuki[nZk]
SawanoHiroyuki[nZk] feat. Aimer,Aimer
Aimer with 阿部真央,Aimer
Aimer with 阿部真央,阿部真央
Aimer feat Taka,Aimer
Aimer feat Taka,Taka
Aimer with Vaundy,Aimer
Aimer with Vaundy,Vaundy
Aimer with Yuuki Ozaki,Aimer
Aimer with Yuuki Ozaki,Yuuki Ozaki
Aimer with RYO NAGANO,Aimer
Aimer with RYO NAGANO,RYO NAGANO
Aimer & Shaun Frank,Aimer
Aimer & Shaun Frank,Shaun Frank
"Aimer, Crystal Rock & Pule",Aimer
"Aimer, Crystal Rock & Pule",Crystal Rock
"Aimer, Crystal Rock & Pule",Pule
aimyon,aimyon
Aitana,Aitana
"Aitana, Álvaro Díaz & Pole",Aitana
"Aitana, Álvaro Díaz & Pole",Álvaro Díaz
"Aitana, Álvaro Díaz & Pole",Pole
Aitana & Beret,Aitana
Aitana & Beret,Beret
Aitana & Sebastián Yatra,Aitana
Aitana & Sebastián Yatra,Sebastián Yatra
Aitana & Natalia Lacunza,Aitana
Aitana & Natalia Lacunza,Natalia Lacunza
Aitana & Cali y El Dandee,Aitana
Aitana & Cali y El Dandee,Cali y El Dandee
Aitana & Danna Paola,Aitana
Aitana & Danna Paola,Danna Paola
Aitana & Rels B,Aitana
Aitana & Rels B,Rels B
Aitana & NICKI NICOLE,Aitana
Aitana & NICKI NICOLE,NICKI NICOLE
Aitana & Lola Índigo,Aitana
Aitana & Lola Índigo,Lola Índigo
Aitana & Ana Guerra,Aitana
Aitana & Ana Guerra,Ana Guerra
Aitana & Ana Guerra feat. Greeicy & TINI,Aitana
Aitana & Ana Guerra feat. Greeicy & TINI,Ana Guerra
Aitana & Ana Guerra feat. Greeicy & TINI,Greeicy
Aitana & Ana Guerra feat. Greeicy & TINI,TINI
Aitana & Evaluna Montaner,Aitana
Aitana & Evaluna Montaner,Evaluna Montaner
Aitana & Lele Pons,Aitana
Aitana & Lele Pons,Lele Pons
Aitana & Morat,Aitana
Aitana & Morat,Morat
"Aitana, NICKI NICOLE & GARABATTO",Aitana
"Aitana, NICKI NICOLE & GARABATTO",NICKI NICOLE
"Aitana, NICKI NICOLE & GARABATTO",GARABATTO
"Aitana, NICKI NICOLE & rusowsky",Aitana
"Aitana, NICKI NICOLE & rusowsky",NICKI NICOLE
"Aitana, NICKI NICOLE & rusowsky",rusowsky
Aitana & Reik,Aitana
Aitana & Reik,Reik
"Aitana, Emilia & Ptazeta",Aitana
"Aitana, Emilia & Ptazeta",Emilia
"Aitana, Emilia & Ptazeta",Ptazeta
ako,ako
Aleks Syntek,Aleks Syntek
Aleks Syntek & Bon,Aleks Syntek
Aleks Syntek & Bon,Bon
Aleks Syntek & Belanova,Aleks Syntek
Aleks Syntek & Belanova,Belanova
Aleks Syntek & Jesse & Joy,Aleks Syntek
Aleks Syntek & Jesse & Joy,Jesse & Joy
Aleks Syntek & Chetes,Aleks Syntek
Aleks Syntek & Chetes,Chetes
Alemán & Neton Vega,Alemán
Alemán & Neton Vega,Neton Vega
Alex Soto,Alex Soto
Alex Soto & Cyluz,Alex Soto
Alex Soto & Cyluz,Cyluz
Alex Soto & Cecy Leos,Alex Soto
Alex Soto & Cecy Leos,Cecy Leos
Alex Soto & Griss Romero,Alex Soto
Alex Soto & Griss Romero,Griss Romero
Alex Soto & Juan Solo,Alex Soto
Alex Soto & Juan Solo,Juan Solo
Alex Soto & Los Rumberos,Alex Soto
Alex Soto & Los Rumberos,Los Rumberos
Alex Soto & Raquel Sofía,Alex Soto
Alex Soto & Raquel Sofía,Raquel Sofía
Alex Soto & Sofi Saar,Alex Soto
Alex Soto & Sofi Saar,Sofi Saar
Alex Soto & Vivir Quintana,Alex Soto
Alex Soto & Vivir Quintana,Vivir Quintana
Alex Ubago,Alex Ubago
Alex Ubago feat. Amaia Montero,Alex Ubago
Alex Ubago feat. Amaia Montero,Amaia Montero
ALI,ALI
ALI feat. AKLO,ALI
ALI feat. AKLO,AKLO
ALI feat. R-指定,ALI
ALI feat. R-指定,R-指定
ALI feat. Kazuo,ALI
ALI feat. Kazuo,Kazuo
ALI feat. The Crane,ALI
ALI feat. The Crane,The Crane
ALI feat. LAZYLOXY,ALI
ALI feat. LAZYLOXY,LAZYLOXY
ALI feat. 木村昴,ALI
ALI feat. 木村昴,木村昴
ALI feat. 黒田卓也,ALI
ALI feat. 黒田卓也,黒田卓也
ALI feat. K.A.N.T.A,ALI
ALI feat. K.A.N.T.A,K.A.N.T.A
ALI feat. J-REXXX,ALI
ALI feat. J-REXXX,J-REXXX
ALI feat. Namichie & GOMESS,ALI
ALI feat. Namichie & GOMESS,Namichie
ALI feat. Namichie & GOMESS,GOMESS
ALI feat. 梅田サイファー,ALI
ALI feat. 梅田サイファー,梅田サイファー
ALI feat. J‐REXXX & RUEED,ALI
ALI feat. J‐REXXX & RUEED,J‐REXXX
ALI feat. J‐REXXX & RUEED,RUEED
"ALI feat. なみちえ, Alonzo & 6B",ALI
"ALI feat. なみちえ, Alonzo & 6B",なみちえ
"ALI feat. なみちえ, Alonzo & 6B",Alonzo
"ALI feat. なみちえ, Alonzo & 6B",6B
ALI feat. HIYADAM,ALI
ALI feat. HIYADAM,HIYADAM
ALI feat. Shing02,ALI
ALI feat. Shing02,Shing02
ALI feat. Dos Monos,ALI
ALI feat. Dos Monos,Dos Monos
ALI feat. MFS,ALI
ALI feat. MFS,MFS
ALI feat. SARM,ALI
ALI feat. SARM,SARM
ALI feat. Kazuo & IMANI,ALI
ALI feat. Kazuo & IMANI,Kazuo
ALI feat. Kazuo & IMANI,IMANI
ALI feat. Mummy-D,ALI
ALI feat. Mummy-D,Mummy-D
ALI feat. eill,ALI
ALI feat. eill,eill
ALI feat. Hannya,ALI
ALI feat. Hannya,Hannya
ALI feat. MaRI,ALI
ALI feat. MaRI,MaRI
ALI feat. MaRI with CARTOON,ALI
ALI feat. MaRI with CARTOON,MaRI
ALI feat. MaRI with CARTOON,CARTOON
ALI feat. MaRI with Yellock,ALI
ALI feat. MaRI with Yellock,MaRI
ALI feat. MaRI with Yellock,Yellock
"ALI feat. Namichie, Alonzo & 6B",ALI
"ALI feat. Namichie, Alonzo & 6B",Namichie
"ALI feat. Namichie, Alonzo & 6B",Alonzo
"ALI feat. Namichie, Alonzo & 6B",6B
All Time Low,All Time Low
All Time Low feat. Vic Fuentes,All Time Low
All Time Low feat. Vic Fuentes,Vic Fuentes
All Time Low feat. Mark Hoppus,All Time Low
All Time Low feat. Mark Hoppus,Mark Hoppus
All Time Low feat. Joel Madden,All Time Low
All Time Low feat. Joel Madden,Joel Madden
All Time Low feat. Tegan and Sara,All Time Low
All Time Low feat. Tegan and Sara,Tegan and Sara
All Time Low feat. blackbear,All Time Low
All Time Low feat. blackbear,blackbear
All Time Low feat. The Band CAMINO,All Time Low
All Time Low feat. The Band CAMINO,The Band CAMINO
"Alok, Sigala & Ellie Goulding",Alok
"Alok, Sigala & Ellie Goulding",Sigala
"Alok, Sigala & Ellie Goulding",Ellie Goulding
alom,alom
Alvaro Soler feat. Paty Cantú,Alvaro Soler
Alvaro Soler feat. Paty Cantú,Paty Cantú
Amanda Coronel & Cecy Leos,Amanda Coronel
Amanda Coronel & Cecy Leos,Cecy Leos
Amaral,Amaral
Amatria,Amatria
amazarashi,amazarashi
Ambar Garces feat. Porta,Ambar Garces
Ambar Garces feat. Porta,Porta
Andrea Bocelli & Ellie Goulding,Andrea Bocelli
Andrea Bocelli & Ellie Goulding,Ellie Goulding
Androp with Aimer,Androp
Androp with Aimer,Aimer
Androp,Androp
angela,angela
angelbaby & VOILÀ,angelbaby
angelbaby & VOILÀ,VOILÀ
Anitta,Anitta
Anna Takeuchi,Anna Takeuchi
ano,ano
ano feat. 幾田りら,ano
ano feat. 幾田りら,幾田りら
Anyma & Ellie Goulding,Anyma
Anyma & Ellie Goulding,Ellie Goulding
"Anyma, Ellie Goulding & John Summit",Anyma
"Anyma, Ellie Goulding & John Summit",Ellie Goulding
"Anyma, Ellie Goulding & John Summit",John Summit
AOA feat. Takanori Nishikawa T.M.Revolution,AOA
AOA feat. Takanori Nishikawa T.M.Revolution,Takanori Nishikawa T.M.Revolution
Arashi,Arashi
ASCA,ASCA
ASCA feat. Kanon Wakeshima,ASCA
ASCA feat. Kanon Wakeshima,Kanon Wakeshima
"ASCA feat. 足立 佳奈, MaRuRi & mizuki",ASCA
"ASCA feat. 足立 佳奈, MaRuRi & mizuki",足立 佳奈
"ASCA feat. 足立 佳奈, MaRuRi & mizuki",MaRuRi
"ASCA feat. 足立 佳奈, MaRuRi & mizuki",mizuki
ASCA with 分島花音,ASCA
ASCA with 分島花音,分島花音
ASCA with Ayasa,ASCA
ASCA with Ayasa,Ayasa
ASCA & boku no lyric no bouyomi,ASCA
ASCA & boku no lyric no bouyomi,boku no lyric no bouyomi
ASCA with mizuki,ASCA
ASCA with mizuki,mizuki
ASH DA HERO,ASH DA HERO
Asian Kung-Fu Generation,Asian Kung-Fu Generation
Asian Kung-Fu Generation & Hiroko Sebu,Asian Kung-Fu Generation
Asian Kung-Fu Generation & Hiroko Sebu,Hiroko Sebu
ATARASHII GAKKO!,ATARASHII GAKKO!
ATARASHII GAKKO! feat. MILLI,ATARASHII GAKKO!
ATARASHII GAKKO! feat. MILLI,MILLI
ATARASHII GAKKO! feat. H ZETTRIO,ATARASHII GAKKO!
ATARASHII GAKKO! feat. H ZETTRIO,H ZETTRIO
ATARASHII GAKKO! × H ZETTRIO,ATARASHII GAKKO!
ATARASHII GAKKO! × H ZETTRIO,H ZETTRIO
AURORA feat. ATARASHII GAKKO!,AURORA
AURORA feat. ATARASHII GAKKO!,ATARASHII GAKKO!
Ayaka,Ayaka
Ayaka feat. Taka,Ayaka
Ayaka feat. Taka,Taka
絢香×三浦大知,絢香×三浦大知
Ayasa,Ayasa
BABYMETAL,BABYMETAL
BABYMETAL feat. Alissa White-Gluz,BABYMETAL
BABYMETAL feat. Alissa White-Gluz,Alissa White-Gluz
BABYMETAL feat. F.HERO,BABYMETAL
BABYMETAL feat. F.HERO,F.HERO
BABYMETAL feat. Tak Matsumoto,BABYMETAL
BABYMETAL feat. Tak Matsumoto,Tak Matsumoto
BABYMETAL feat. Joakim Broden,BABYMETAL
BABYMETAL feat. Joakim Broden,Joakim Broden
BABYMETAL feat. Tim Henson & Scott Lepage,BABYMETAL
BABYMETAL feat. Tim Henson & Scott Lepage,Tim Henson
BABYMETAL feat. Tim Henson & Scott Lepage,Scott Lepage
BABYMETAL & Poppy,BABYMETAL
BABYMETAL & Poppy,Poppy
BABYMETAL & Electric Callboy,BABYMETAL
BABYMETAL & Electric Callboy,Electric Callboy
BABYMETAL & Slaughter to Prevail,BABYMETAL
BABYMETAL & Slaughter to Prevail,Slaughter to Prevail
BABYMETAL & Tom Morello,BABYMETAL
BABYMETAL & Tom Morello,Tom Morello
BABYMETAL feat. Tom Morello,BABYMETAL
BABYMETAL feat. Tom Morello,Tom Morello
back number,back number
Bad Omens,Bad Omens
Bad Omens & Poppy,Bad Omens
Bad Omens & Poppy,Poppy
"Bad Omens, HEALTH & Swarm",Bad Omens
"Bad Omens, HEALTH & Swarm",HEALTH
"Bad Omens, HEALTH & Swarm",Swarm
Bad Omens & Bob Vylan,Bad Omens
Bad Omens & Bob Vylan,Bob Vylan
Bad Omens & WARGASM (UK),Bad Omens
Bad Omens & WARGASM (UK),WARGASM (UK)
Bad Omens & ERRA,Bad Omens
Bad Omens & ERRA,ERRA
Bad Omens & iRis.EXE,Bad Omens
Bad Omens & iRis.EXE,iRis.EXE
Bad Omens & Thousand Below,Bad Omens
Bad Omens & Thousand Below,Thousand Below
Bad Omens & WE ARE FURY,Bad Omens
Bad Omens & WE ARE FURY,WE ARE FURY
Bad Omens & So Wylie,Bad Omens
Bad Omens & So Wylie,So Wylie
Bad Omens & Dahlia,Bad Omens
Bad Omens & Dahlia,Dahlia
"Bad Omens, Let's Eat Grandma & Chief",Bad Omens
"Bad Omens, Let's Eat Grandma & Chief",Let's Eat Grandma
"Bad Omens, Let's Eat Grandma & Chief",Chief
BAK feat. さユり,BAK
BAK feat. さユり,さユり
BAND-MAID,BAND-MAID
"BAND-MAID,The Warning",BAND-MAID
"BAND-MAID,The Warning",The Warning
Barei feat. Porta,Barei
Barei feat. Porta,Porta
Becky G,Becky G
Becky G & El Alfa,Becky G
Becky G & El Alfa,El Alfa
Becky G & Guaynaa,Becky G
Becky G & Guaynaa,Guaynaa
Becky G feat. ELENA ROSE,Becky G
Becky G feat. ELENA ROSE,ELENA ROSE
Natti Natasha & Becky G.,Natti Natasha
Natti Natasha & Becky G.,Becky G.
Becky G & KAROL G,Becky G
Becky G & KAROL G,KAROL G
Belanova,Belanova
Belanova feat. Javier Blake,Belanova
Belanova feat. Javier Blake,Javier Blake
Belanova feat. Jay de la Cueva,Belanova
Belanova feat. Jay de la Cueva,Jay de la Cueva
Belanova & Coti,Belanova
Belanova & Coti,Coti
Belanova & Joselo,Belanova
Belanova & Joselo,Joselo
Belanova & Brian Amadeus (Jay De La Cueva),Belanova
Belanova & Brian Amadeus (Jay De La Cueva),Brian Amadeus (Jay De La Cueva)
Belanova feat. Lena Katina,Belanova
Belanova feat. Lena Katina,Lena Katina
Belinda,Belinda
Belinda feat. Pitbull,Belinda
Belinda feat. Pitbull,Pitbull
Big Time Rush,Big Time Rush
Big Time Rush feat. Karmin,Big Time Rush
Big Time Rush feat. Karmin,Karmin
Big Time Rush feat. Jake Miller,Big Time Rush
Big Time Rush feat. Jake Miller,Jake Miller
Big Time Rush feat. Jordin Sparks,Big Time Rush
Big Time Rush feat. Jordin Sparks,Jordin Sparks
Big Time Rush feat. Cymphonique,Big Time Rush
Big Time Rush feat. Cymphonique,Cymphonique
Big Time Rush feat. Snoop Dogg,Big Time Rush
Big Time Rush feat. Snoop Dogg,Snoop Dogg
Big Time Rush feat. New Boyz,Big Time Rush
Big Time Rush feat. New Boyz,New Boyz
Big Time Rush feat. Mann,Big Time Rush
Big Time Rush feat. Mann,Mann
Big Time Rush feat. Iyaz,Big Time Rush
Big Time Rush feat. Iyaz,Iyaz
Big Time Rush & Maffio feat. Gente de Zona,Big Time Rush
Big Time Rush & Maffio feat. Gente de Zona,Maffio
Big Time Rush & Maffio feat. Gente de Zona,Gente de Zona
BIGYUKI feat. ATARASHII GAKKO!,BIGYUKI
BIGYUKI feat. ATARASHII GAKKO!,ATARASHII GAKKO!
BiSH,BiSH
Bizarrap & Peso Pluma,Bizarrap
Bizarrap & Peso Pluma,Peso Pluma
Bizarrap & Rauw Alejandro,Bizarrap
Bizarrap & Rauw Alejandro,Rauw Alejandro
Bizarrap & Shakira,Bizarrap
Bizarrap & Shakira,Shakira
"Bizarrap, Duki & La T y la M",Bizarrap
"Bizarrap, Duki & La T y la M",Duki
"Bizarrap, Duki & La T y la M",La T y la M
BLACKPINK,BLACKPINK
JENNIE,JENNIE
ROSÉ,ROSÉ
BLACKPINK & Selena Gomez,BLACKPINK
BLACKPINK & Selena Gomez,Selena Gomez
BLACKPINK feat. Cardi B,BLACKPINK
BLACKPINK feat. Cardi B,Cardi B
Bloodywood feat. BABYMETAL,Bloodywood
Bloodywood feat. BABYMETAL,BABYMETAL
BLU-SWING,BLU-SWING
BLUE ENCOUNT,BLUE ENCOUNT
BOWL,BOWL
BREAKERZ,BREAKERZ
Bring Me The Horizon,Bring Me The Horizon
Bring Me The Horizon with YUNGBLUD,Bring Me The Horizon
Bring Me The Horizon with YUNGBLUD,YUNGBLUD
Bring Me The Horizon feat. BABYMETAL,Bring Me The Horizon
Bring Me The Horizon feat. BABYMETAL,BABYMETAL
Bring Me The Horizon feat. Nova Twins,Bring Me The Horizon
Bring Me The Horizon feat. Nova Twins,Nova Twins
Bring Me The Horizon feat. Amy Lee,Bring Me The Horizon
Bring Me The Horizon feat. Amy Lee,Amy Lee
Buttercup,Buttercup
C. Tangana,C. Tangana
"C. Tangana, Niño de Elche & La Húngara",C. Tangana
"C. Tangana, Niño de Elche & La Húngara",Niño de Elche
"C. Tangana, Niño de Elche & La Húngara",La Húngara
C. Tangana & Toquinho,C. Tangana
C. Tangana & Toquinho,Toquinho
C. Tangana & Ed Maverick,C. Tangana
C. Tangana & Ed Maverick,Ed Maverick
"C. Tangana, Gipsy Kings, Nicolas Reyes & Tonino Baliardo",C. Tangana
"C. Tangana, Gipsy Kings, Nicolas Reyes & Tonino Baliardo",Gipsy Kings
"C. Tangana, Gipsy Kings, Nicolas Reyes & Tonino Baliardo",Nicolas Reyes
"C. Tangana, Gipsy Kings, Nicolas Reyes & Tonino Baliardo",Tonino Baliardo
C. Tangana & Jorge Drexler,C. Tangana
C. Tangana & Jorge Drexler,Jorge Drexler
"C. Tangana, José Feliciano & Niño de Elche",C. Tangana
"C. Tangana, José Feliciano & Niño de Elche",José Feliciano
"C. Tangana, José Feliciano & Niño de Elche",Niño de Elche
C. Tangana & Omar Apollo,C. Tangana
C. Tangana & Omar Apollo,Omar Apollo
C. Tangana & Eliades Ochoa,C. Tangana
C. Tangana & Eliades Ochoa,Eliades Ochoa
"C. Tangana, Carín León & Adriel Favela",C. Tangana
"C. Tangana, Carín León & Adriel Favela",Carín León
"C. Tangana, Carín León & Adriel Favela",Adriel Favela
C. Tangana & Pepe Blanco,C. Tangana
C. Tangana & Pepe Blanco,Pepe Blanco
C. Tangana & Kiko Veneno,C. Tangana
C. Tangana & Kiko Veneno,Kiko Veneno
C. Tangana & Andrés Calamaro,C. Tangana
C. Tangana & Andrés Calamaro,Andrés Calamaro
Café Tacvba,Café Tacvba
Cali y El Dandee & Aitana,Cali y El Dandee
Cali y El Dandee & Aitana,Aitana
Calvin Harris & Ellie Goulding,Calvin Harris
Calvin Harris & Ellie Goulding,Ellie Goulding
"Calvin Harris, Dua Lipa",Calvin Harris
"Calvin Harris, Dua Lipa",Dua Lipa
"Calvin Harris, Dua Lipa & Young Thug",Calvin Harris
"Calvin Harris, Dua Lipa & Young Thug",Dua Lipa
"Calvin Harris, Dua Lipa & Young Thug",Young Thug
Camila,Camila
Camila & Colbie Caillat,Camila
Camila & Colbie Caillat,Colbie Caillat
Sin Bandera,Sin Bandera
Camila & Sin Bandera,Camila
Camila & Sin Bandera,Sin Bandera
Camila Cabello,Camila Cabello
Camila Cabello feat. DaBaby,Camila Cabello
Camila Cabello feat. DaBaby,DaBaby
Shawn Mendes & Camila Cabello,Shawn Mendes
Shawn Mendes & Camila Cabello,Camila Cabello
Camilo Séptimo,Camilo Séptimo
Camilú & Jesse & Joy,Camilú
Camilú & Jesse & Joy,Jesse & Joy
Cecy Leos,Cecy Leos
Cecy Leos & Mariano Brocchini,Cecy Leos
Cecy Leos & Mariano Brocchini,Mariano Brocchini
Cecy Leos & Sofia Macchi,Cecy Leos
Cecy Leos & Sofia Macchi,Sofia Macchi
Cecy Leos feat. Marianne Boudot,Cecy Leos
Cecy Leos feat. Marianne Boudot,Marianne Boudot
Cheat Codes & All Time Low,Cheat Codes
Cheat Codes & All Time Low,All Time Low
Chelsy,Chelsy
Chilli Beans.,Chilli Beans.
Chilli Beans. feat. Vaundy,Chilli Beans.
Chilli Beans. feat. Vaundy,Vaundy
Chris Stapleton & Dua Lipa,Chris Stapleton
Chris Stapleton & Dua Lipa,Dua Lipa
Chrissy Costanza,Chrissy Costanza
Chrissy Costanza & VOILÀ,Chrissy Costanza
Chrissy Costanza & VOILÀ,VOILÀ
Christian Nodal & Peso Pluma,Christian Nodal
Christian Nodal & Peso Pluma,Peso Pluma
Chuwi,Chuwi
cinema staff,cinema staff
ClariS,ClariS
Clean Bandit feat. Jess Glynne,Clean Bandit
Clean Bandit feat. Jess Glynne,Jess Glynne
Coda,Coda
"Coldplay, TWICE, Little Simz, Burna Boy, Elyanna & TINI",Coldplay
"Coldplay, TWICE, Little Simz, Burna Boy, Elyanna & TINI",TWICE
"Coldplay, TWICE, Little Simz, Burna Boy, Elyanna & TINI",Little Simz
"Coldplay, TWICE, Little Simz, Burna Boy, Elyanna & TINI",Burna Boy
"Coldplay, TWICE, Little Simz, Burna Boy, Elyanna & TINI",Elyanna
"Coldplay, TWICE, Little Simz, Burna Boy, Elyanna & TINI",TINI
coldrain,coldrain
ザ・チルドレン,ザ・チルドレン
野上葵 starring 白石涼子,野上葵 starring 白石涼子
三宮紫穂 starring 戸松遥,三宮紫穂 starring 戸松遥
明石薫 starring 平野綾,明石薫 starring 平野綾
Hitomi Takahashi,Hitomi Takahashi
Hajime Chitose,Hajime Chitose
Hyde,Hyde
Mika Nakashima,Mika Nakashima
UVERworld,UVERworld
Angela Aki,Angela Aki
Jinn,Jinn
K,K
Mark Mancina,Mark Mancina
Elin Carlson,Elin Carlson
Poppin'Party,Poppin'Party
Pastel＊Palettes,Pastel＊Palettes
Roselia,Roselia
ハロー、ハッピーワールド！,ハロー
ハロー、ハッピーワールド！,ハッピーワールド！
Roselia×美竹蘭(CV.佐倉綾音),Roselia×美竹蘭(CV.佐倉綾音)
Poppin'Party×丸山彩(CV.前島亜美)×弦巻こころ(CV.伊藤美来),Poppin'Party×丸山彩(CV.前島亜美)×弦巻こころ(CV.伊藤美来)
Rihanna,Rihanna
"DBN Gogo, Sino Msolo, Kamo Mphela, Young Stunna & Busiswa",DBN Gogo
"DBN Gogo, Sino Msolo, Kamo Mphela, Young Stunna & Busiswa",Sino Msolo
"DBN Gogo, Sino Msolo, Kamo Mphela, Young Stunna & Busiswa",Kamo Mphela
"DBN Gogo, Sino Msolo, Kamo Mphela, Young Stunna & Busiswa",Young Stunna
"DBN Gogo, Sino Msolo, Kamo Mphela, Young Stunna & Busiswa",Busiswa
Burna Boy,Burna Boy
Tems,Tems
Vivir Quintana & Mare Advertencia Lirika,Vivir Quintana
Vivir Quintana & Mare Advertencia Lirika,Mare Advertencia Lirika
Foudeqush & Ludwig Göransson,Foudeqush
Foudeqush & Ludwig Göransson,Ludwig Göransson
Snow Tha Product feat. E-40,Snow Tha Product
Snow Tha Product feat. E-40,E-40
Stormzy,Stormzy
Fireboy DML,Fireboy DML
Tobe Nwigwe & Fat Nwigwe,Tobe Nwigwe
Tobe Nwigwe & Fat Nwigwe,Fat Nwigwe
"Adn Maya Colectivo, Pat Boy, Yaalen K'uj & All Mayan Winik",Adn Maya Colectivo
"Adn Maya Colectivo, Pat Boy, Yaalen K'uj & All Mayan Winik",Pat Boy
"Adn Maya Colectivo, Pat Boy, Yaalen K'uj & All Mayan Winik",Yaalen K'uj
"Adn Maya Colectivo, Pat Boy, Yaalen K'uj & All Mayan Winik",All Mayan Winik
OG DAYV & Future,OG DAYV
OG DAYV & Future,Future
CKay feat. PinkPantheress,CKay
CKay feat. PinkPantheress,PinkPantheress
Bloody Civilian feat. Rema,Bloody Civilian
Bloody Civilian feat. Rema,Rema
Alemán feat. Rema,Alemán
Alemán feat. Rema,Rema
Blue Rojo,Blue Rojo
Calle x Vida & Foudeqush,Calle x Vida
Calle x Vida & Foudeqush,Foudeqush
Guadalupe de Jesús Chan Poot,Guadalupe de Jesús Chan Poot
Yonaga Tsubasa/Nara Tooru/Mimori Suzuko/Kitta Izumi/Yoshino Hiroyuki,Yonaga Tsubasa
Yonaga Tsubasa/Nara Tooru/Mimori Suzuko/Kitta Izumi/Yoshino Hiroyuki,Nara Tooru
Yonaga Tsubasa/Nara Tooru/Mimori Suzuko/Kitta Izumi/Yoshino Hiroyuki,Mimori Suzuko
Yonaga Tsubasa/Nara Tooru/Mimori Suzuko/Kitta Izumi/Yoshino Hiroyuki,Kitta Izumi
Yonaga Tsubasa/Nara Tooru/Mimori Suzuko/Kitta Izumi/Yoshino Hiroyuki,Yoshino Hiroyuki
T.M.Revolution,T.M.Revolution
SCANDAL,SCANDAL
abingdon boys school,abingdon boys school
NIRGILIS,NIRGILIS
JUNE,JUNE
Tamaki Nami,Tamaki Nami
surface,surface
Kitade Nana,Kitade Nana
access,access
Rie fu,Rie fu
Sowelu,Sowelu
Hoshimura Mai,Hoshimura Mai
Stephanie,Stephanie
pinocchioP,pinocchioP
ひとしずく & やま△,ひとしずく
ひとしずく & やま△,やま△
Neru,Neru
Nayutan Seijin,Nayutan Seijin
164,164
SCL Project (natsuP),SCL Project (natsuP)
n-buna,n-buna
Orangestar,Orangestar
mothy_悪ノP,mothy_悪ノP
Kanon69,Kanon69
sat(頑なP),sat(頑なP)
nyanyannya,nyanyannya
Yairi feat.IA,Yairi
Yairi feat.IA,IA
cosMo@bousouP,cosMo@bousouP
じーざすP(ワンダフル☆オポチュニティ!),じーざすP(ワンダフル☆オポチュニティ!)
Fuwari P,Fuwari P
ジミーサムP × 喋々P,ジミーサムP × 喋々P
rerulili,rerulili
The Weeknd,The Weeknd
Ellie Goulding,Ellie Goulding
Beyoncé,Beyoncé
Porno Graffitti,Porno Graffitti
Nana Kitade,Nana Kitade
L'Arc~en~Ciel,L'Arc~en~Ciel
Yellow Generation,Yellow Generation
Cool Joke,Cool Joke
Crystal Kay,Crystal Kay
Soweku,Soweku
ときのそら,ときのそら
おめがシスターズ,おめがシスターズ
える,える
虹河ラキ,虹河ラキ
ドーラ,ドーラ
ロボ子さん,ロボ子さん
樋口楓,樋口楓
かしこまり,かしこまり
燦鳥ノム,燦鳥ノム
天神子兎音,天神子兎音
月ノ美兎,月ノ美兎
富士葵,富士葵
ピンキーポップヘップバーン,ピンキーポップヘップバーン
花鋏キョウ,花鋏キョウ
獅子神レオナ,獅子神レオナ
AZKi,AZKi
御伽原江良,御伽原江良
童田明治,童田明治
エルセとさめのぽき,エルセとさめのぽき
戌亥とこ,戌亥とこ
エルセ,エルセ
Twe'lv,Twe'lv
Berryz Kobo,Berryz Kobo
Berryz工房,Berryz工房
Inazuma All-Stars,Inazuma All-Stars
Julieta Venegas,Julieta Venegas
Nadie Nos Va A Extrañar feat. Camila Calonico,Nadie Nos Va A Extrañar
Nadie Nos Va A Extrañar feat. Camila Calonico,Camila Calonico
松本梨香,松本梨香
Donessa Perry,Donessa Perry
9001,9001
Daoko,Daoko
"Eternal Sailor Moon (Cv-Kotono Mitsuishi), Eternal Sailor Mercury(Cv-Hisako Kanemoto), Eternal Sailo",Eternal Sailor Moon (Cv-Kotono Mitsuishi)
"Eternal Sailor Moon (Cv-Kotono Mitsuishi), Eternal Sailor Mercury(Cv-Hisako Kanemoto), Eternal Sailo",Eternal Sailor Mercury(Cv-Hisako Kanemoto)
"Eternal Sailor Moon (Cv-Kotono Mitsuishi), Eternal Sailor Mercury(Cv-Hisako Kanemoto), Eternal Sailo",Eternal Sailo
"セーラー火球(CV-水樹奈々), セーラースターファイター(CV-井上麻里奈), セーラースターメイカー(CV-早見沙織) & セーラースターヒーラー(CV-佐倉綾音)",セーラー火球(CV-水樹奈々)
"セーラー火球(CV-水樹奈々), セーラースターファイター(CV-井上麻里奈), セーラースターメイカー(CV-早見沙織) & セーラースターヒーラー(CV-佐倉綾音)",セーラースターファイター(CV-井上麻里奈)
"セーラー火球(CV-水樹奈々), セーラースターファイター(CV-井上麻里奈), セーラースターメイカー(CV-早見沙織) & セーラースターヒーラー(CV-佐倉綾音)",セーラースターメイカー(CV-早見沙織)
"セーラー火球(CV-水樹奈々), セーラースターファイター(CV-井上麻里奈), セーラースターメイカー(CV-早見沙織) & セーラースターヒーラー(CV-佐倉綾音)",セーラースターヒーラー(CV-佐倉綾音)
"スリーライツ, 星野光(CV-井上麻里奈), 大気光(CV-早見沙織) & 夜天光(CV-佐倉綾音)",スリーライツ
"スリーライツ, 星野光(CV-井上麻里奈), 大気光(CV-早見沙織) & 夜天光(CV-佐倉綾音)",星野光(CV-井上麻里奈)
"スリーライツ, 星野光(CV-井上麻里奈), 大気光(CV-早見沙織) & 夜天光(CV-佐倉綾音)",大気光(CV-早見沙織)
"スリーライツ, 星野光(CV-井上麻里奈), 大気光(CV-早見沙織) & 夜天光(CV-佐倉綾音)",夜天光(CV-佐倉綾音)
"Usagi Tsukino (CV- Kotono Mitsuishi), Mamoru Chiba (CV- Kenji Nojima), ちびうさ(CV.福圓美里), Ami Mizuno (CV",Usagi Tsukino (CV- Kotono Mitsuishi)
"Usagi Tsukino (CV- Kotono Mitsuishi), Mamoru Chiba (CV- Kenji Nojima), ちびうさ(CV.福圓美里), Ami Mizuno (CV",Mamoru Chiba (CV- Kenji Nojima)
"Usagi Tsukino (CV- Kotono Mitsuishi), Mamoru Chiba (CV- Kenji Nojima), ちびうさ(CV.福圓美里), Ami Mizuno (CV",ちびうさ(CV.福圓美里)
"Usagi Tsukino (CV- Kotono Mitsuishi), Mamoru Chiba (CV- Kenji Nojima), ちびうさ(CV.福圓美里), Ami Mizuno (CV",Ami Mizuno (CV
Ling tosite sigure,Ling tosite sigure
EGOIST,EGOIST
Nothing's Carved In Stone,Nothing's Carved In Stone
"Kanako Ito, Yuuyu",Kanako Ito
"Kanako Ito, Yuuyu",Yuuyu
"Kanoko Ito, 8#Prince",Kanoko Ito
"Kanoko Ito, 8#Prince",8#Prince
"Kanako Ito, Clean Tears",Kanako Ito
"Kanako Ito, Clean Tears",Clean Tears
"Kanako Ito, samfree",Kanako Ito
"Kanako Ito, samfree",samfree
"Kanako Ito, 8#Prince",Kanako Ito
"Kanako Ito, 8#Prince",8#Prince
"Yui Sakakibara, samfree",Yui Sakakibara
"Yui Sakakibara, samfree",samfree
"Yui Sakakibara, Clean Tears",Yui Sakakibara
"Yui Sakakibara, Clean Tears",Clean Tears
"nao, Chom-P",nao
"nao, Chom-P",Chom-P
"nao, 8#Prince",nao
"nao, 8#Prince",8#Prince
"Afilia Saga East, Yuuyu",Afilia Saga East
"Afilia Saga East, Yuuyu",Yuuyu
Chom-P,Chom-P
samfree,samfree
ファンタズム,ファンタズム
彩音,彩音
Skrillex & Rick Ross,Skrillex
Skrillex & Rick Ross,Rick Ross
"Lil Wayne, Wiz Khalifa & Imagine Dragons",Lil Wayne
"Lil Wayne, Wiz Khalifa & Imagine Dragons",Wiz Khalifa
"Lil Wayne, Wiz Khalifa & Imagine Dragons",Imagine Dragons
Twenty One Pilots,Twenty One Pilots
"Action Bronson, Mark Ronson & Dan Auerbach",Action Bronson
"Action Bronson, Mark Ronson & Dan Auerbach",Mark Ronson
"Action Bronson, Mark Ronson & Dan Auerbach",Dan Auerbach
Kehlani,Kehlani
Kevin Gates,Kevin Gates
Grace,Grace
Eminem,Eminem
Skylar Grey,Skylar Grey
Grimes,Grimes
Panic At the Disco,Panic At the Disco
War,War
Creedence Clearwater Revival,Creedence Clearwater Revival
ConfidentialMX,fidentialMX
KOTOKO x LUNA,KOTOKO x LUNA
ハルカトハルナ [Starring 戸松遥],ハルカトハルナ [Starring 戸松遥]
りかるな [Starring 真山りか],りかるな [Starring 真山りか]
AKIRA ＋ るな feat.マチゲリータ,AKIRA ＋ るな
AKIRA ＋ るな feat.マチゲリータ,マチゲリータ
三澤紗千香 & 春奈るな,三澤紗千香
三澤紗千香 & 春奈るな,春奈るな
Blake Neely,Blake Neely
Melissa Benoist,Melissa Benoist
"Darren Criss, Jeremy Jordan, Carlos Valdes & John Barrowman",Darren Criss
"Darren Criss, Jeremy Jordan, Carlos Valdes & John Barrowman",Jeremy Jordan
"Darren Criss, Jeremy Jordan, Carlos Valdes & John Barrowman",Carlos Valdes
"Darren Criss, Jeremy Jordan, Carlos Valdes & John Barrowman",John Barrowman
"Jesse Martin, Victor Graber & John Barrowman",Jesse Martin
"Jesse Martin, Victor Graber & John Barrowman",Victor Graber
"Jesse Martin, Victor Graber & John Barrowman",John Barrowman
Melissa Benoist & Grant Gustin,Melissa Benoist
Melissa Benoist & Grant Gustin,Grant Gustin
Grant Gustin,Grant Gustin
 ウルトラレア,ウルトラレア
大空翼(CV: 三瓶由布子),大空翼(CV: 三瓶由布子)
大空翼&松山光 (セリフ),大空翼
大空翼&松山光 (セリフ),松山光 (セリフ)
松山光(CV: 羽多野渉),松山光(CV: 羽多野渉)
日向小次郎&松山光 (セリフ),日向小次郎
日向小次郎&松山光 (セリフ),松山光 (セリフ)
日向小次郎(CV: 佐藤拓也),日向小次郎(CV: 佐藤拓也)
若島津健 (セリフ),若島津健 (セリフ)
若島津健(CV: 梅原裕一郎),若島津健(CV: 梅原裕一郎)
日向小次郎&三杉淳 (セリフ),日向小次郎
日向小次郎&三杉淳 (セリフ),三杉淳 (セリフ)
日向小次郎(CV: 佐藤拓也)、三杉淳 (CV: 斉藤壮馬),日向小次郎(CV: 佐藤拓也)
日向小次郎(CV: 佐藤拓也)、三杉淳 (CV: 斉藤壮馬),三杉淳 (CV: 斉藤壮馬)
若林源三&岬太郎 (セリフ),若林源三
若林源三&岬太郎 (セリフ),岬太郎 (セリフ)
若林源三(CV: 鈴村健一)、岬太郎 (CV: 福原綾香),若林源三(CV: 鈴村健一)
若林源三(CV: 鈴村健一)、岬太郎 (CV: 福原綾香),岬太郎 (CV: 福原綾香)
日向小次郎&若島津健 (セリフ),日向小次郎
日向小次郎&若島津健 (セリフ),若島津健 (セリフ)
日向小次郎(CV: 佐藤拓也)、若島津健(CV: 梅原裕一郎),日向小次郎(CV: 佐藤拓也)
日向小次郎(CV: 佐藤拓也)、若島津健(CV: 梅原裕一郎),若島津健(CV: 梅原裕一郎)
大空翼&日向小次郎 (セリフ),大空翼
大空翼&日向小次郎 (セリフ),日向小次郎 (セリフ)
大空翼(CV: 三瓶由布子)、日向小次郎(CV: 佐藤拓也),大空翼(CV: 三瓶由布子)
大空翼(CV: 三瓶由布子)、日向小次郎(CV: 佐藤拓也),日向小次郎(CV: 佐藤拓也)
大空翼(CV: 三瓶由布子)、日向小次郎(CV: 佐藤拓也)、若島津 健(CV: 梅原裕一郎)、松山光(CV: 羽多野渉)、三杉淳(CV: 斉藤壮馬)、若林源三(CV: 鈴村健一)、岬太郎(CV: 福原綾香),大空翼(CV: 三瓶由布子)
大空翼(CV: 三瓶由布子)、日向小次郎(CV: 佐藤拓也)、若島津 健(CV: 梅原裕一郎)、松山光(CV: 羽多野渉)、三杉淳(CV: 斉藤壮馬)、若林源三(CV: 鈴村健一)、岬太郎(CV: 福原綾香),日向小次郎(CV: 佐藤拓也)
大空翼(CV: 三瓶由布子)、日向小次郎(CV: 佐藤拓也)、若島津 健(CV: 梅原裕一郎)、松山光(CV: 羽多野渉)、三杉淳(CV: 斉藤壮馬)、若林源三(CV: 鈴村健一)、岬太郎(CV: 福原綾香),若島津 健(CV: 梅原裕一郎)
大空翼(CV: 三瓶由布子)、日向小次郎(CV: 佐藤拓也)、若島津 健(CV: 梅原裕一郎)、松山光(CV: 羽多野渉)、三杉淳(CV: 斉藤壮馬)、若林源三(CV: 鈴村健一)、岬太郎(CV: 福原綾香),松山光(CV: 羽多野渉)
大空翼(CV: 三瓶由布子)、日向小次郎(CV: 佐藤拓也)、若島津 健(CV: 梅原裕一郎)、松山光(CV: 羽多野渉)、三杉淳(CV: 斉藤壮馬)、若林源三(CV: 鈴村健一)、岬太郎(CV: 福原綾香),三杉淳(CV: 斉藤壮馬)
大空翼(CV: 三瓶由布子)、日向小次郎(CV: 佐藤拓也)、若島津 健(CV: 梅原裕一郎)、松山光(CV: 羽多野渉)、三杉淳(CV: 斉藤壮馬)、若林源三(CV: 鈴村健一)、岬太郎(CV: 福原綾香),若林源三(CV: 鈴村健一)
大空翼(CV: 三瓶由布子)、日向小次郎(CV: 佐藤拓也)、若島津 健(CV: 梅原裕一郎)、松山光(CV: 羽多野渉)、三杉淳(CV: 斉藤壮馬)、若林源三(CV: 鈴村健一)、岬太郎(CV: 福原綾香),岬太郎(CV: 福原綾香)
大空翼 (セリフ),大空翼 (セリフ)
内木 弘,内木 弘
psychic lover,psychic lover
Kazunori Miyake,Kazunori Miyake
Mamiko Noto,Mamiko Noto
Mawatari Matsuko,Mawatari Matsuko
Takashiro Hiro,Takashiro Hiro
Ogata Megumi,Ogata Megumi
Sasaki Nozomu,Sasaki Nozomu
Orikasa Ai,Orikasa Ai
Tanaka Mayumi,Tanaka Mayumi
Poppin'Party ,Poppin'Party
Pastel*Palettes,Pastel*Palettes
Tatsuya Kitani & natori,Tatsuya Kitani
Tatsuya Kitani & natori,natori
natori & Tatsuya Kitani,natori
natori & Tatsuya Kitani,Tatsuya Kitani
"スズキサン",スズキサン
さち＆じゅり / Sachi & Juri,さち＆じゅり
さち＆じゅり / Sachi & Juri,Sachi
さち＆じゅり / Sachi & Juri,Juri
ガルーラ小林 / Garuura Kobayashi,ガルーラ小林
ガルーラ小林 / Garuura Kobayashi,Garuura Kobayashi
Matsumoto Rika,Matsumoto Rika
Ishizuka Unshou,Ishizuka Unshou
Imakuni?,Imakuni?
Satoshi (CV- Rica Matsumoto) with ピカチュウ(CV-大谷育江),Satoshi (CV- Rica Matsumoto)
Satoshi (CV- Rica Matsumoto) with ピカチュウ(CV-大谷育江),ピカチュウ(CV-大谷育江)
okazakitaiiku,okazakitaiiku
イマクニ？ / Imakuni?,イマクニ？
イマクニ？ / Imakuni?,Imakuni?
ネオ★ポケッツ / Neo*Pokettsu,ネオ★ポケッツ
ネオ★ポケッツ / Neo*Pokettsu,Neo*Pokettsu
結城明日奈(CV.戸松遥)、綾野珪子(CV.日高里菜),結城明日奈(CV.戸松遥)
結城明日奈(CV.戸松遥)、綾野珪子(CV.日高里菜),綾野珪子(CV.日高里菜)
篠崎里香(CV.高垣彩陽)、朝田詩乃(CV.沢城みゆき),篠崎里香(CV.高垣彩陽)
篠崎里香(CV.高垣彩陽)、朝田詩乃(CV.沢城みゆき),朝田詩乃(CV.沢城みゆき)
ユナ(CV.神田沙也加),ユナ(CV.神田沙也加)
Creepy Nuts,Creepy Nuts
Criollas & Paty Cantú,Criollas
Criollas & Paty Cantú,Paty Cantú
Crusher-P,Crusher-P
Cö shu Nie,Cö shu Nie
Cö shu Nie & Naeleck,Cö shu Nie
Cö shu Nie & Naeleck,Naeleck
Cö shu Nie feat. HYDE,Cö shu Nie
Cö shu Nie feat. HYDE,HYDE
DA PUMP,DA PUMP
DAAZ & Sabino,DAAZ
DAAZ & Sabino,Sabino
Daft Punk,Daft Punk
Daft Punk & Julian Casablancas,Daft Punk
Daft Punk & Julian Casablancas,Julian Casablancas
Daft Punk & Pharrell Williams,Daft Punk
Daft Punk & Pharrell Williams,Pharrell Williams
Daft Punk & Paul Williams,Daft Punk
Daft Punk & Paul Williams,Paul Williams
"Daft Punk, Pharrell Williams & Nile Rodgers",Daft Punk
"Daft Punk, Pharrell Williams & Nile Rodgers",Pharrell Williams
"Daft Punk, Pharrell Williams & Nile Rodgers",Nile Rodgers
Daft Punk & Todd Edwards,Daft Punk
Daft Punk & Todd Edwards,Todd Edwards
Daft Punk & Panda Bear,Daft Punk
Daft Punk & Panda Bear,Panda Bear
Daichi Miura,Daichi Miura
Daigo,Daigo
DaizyStripper,DaizyStripper
Dani Martín feat. Joaquín Sabina,Dani Martín
Dani Martín feat. Joaquín Sabina,Joaquín Sabina
Danie Green,Danie Green
"Danna Paola, Luísa Sonza & Aitana",Danna Paola
"Danna Paola, Luísa Sonza & Aitana",Luísa Sonza
"Danna Paola, Luísa Sonza & Aitana",Aitana
Danna Paola,Danna Paola
Danna Paola & Sebastián Yatra,Danna Paola
Danna Paola & Sebastián Yatra,Sebastián Yatra
Danna Paola & MIKA,Danna Paola
Danna Paola & MIKA,MIKA
Danna Paola & Mau y Ricky,Danna Paola
Danna Paola & Mau y Ricky,Mau y Ricky
DAOKO,DAOKO
DAOKO × スチャダラパー,DAOKO × スチャダラパー
Daoko feat. 狐火,Daoko
Daoko feat. 狐火,狐火
Daoko feat. 空也MC & Paranel,Daoko
Daoko feat. 空也MC & Paranel,空也MC
Daoko feat. 空也MC & Paranel,Paranel
Daoko with TeddyLoid,Daoko
Daoko with TeddyLoid,TeddyLoid
DAOKO × 中田ヤスタカ,DAOKO × 中田ヤスタカ
DAOKO feat. Kamiyamayoh,DAOKO
DAOKO feat. Kamiyamayoh,Kamiyamayoh
DAOKO×米津玄師,DAOKO×米津玄師
DAOKO×岡村靖幸,DAOKO×岡村靖幸
DAOKO & GuruConnect,DAOKO
DAOKO & GuruConnect,Guru
DAOKO & GuruConnect,nect
Daoko & TAAR,Daoko
Daoko & TAAR,TAAR
Daoko & Yohji Igarashi,Daoko
Daoko & Yohji Igarashi,Yohji Igarashi
DAOKO × MIYAVI,DAOKO × MIYAVI
David Bisbal & Aitana,David Bisbal
David Bisbal & Aitana,Aitana
Debbii Dawson,Debbii Dawson
Demi Lovato,Demi Lovato
Depressiego,Depressiego
Dios feat.Daoko,Dios
Dios feat.Daoko,Daoko
DOES,DOES
Dua Lipa,Dua Lipa
Dua Lipa feat. Madonna and Missy Elliott,Dua Lipa
Dua Lipa feat. Madonna and Missy Elliott,Madonna and Missy Elliott
Dua Lipa feat. Gwen Stefani,Dua Lipa
Dua Lipa feat. Gwen Stefani,Gwen Stefani
Dua Lipa feat. Miguel,Dua Lipa
Dua Lipa feat. Miguel,Miguel
Dua Lipa & BLACKPINK,Dua Lipa
Dua Lipa & BLACKPINK,BLACKPINK
Dua Lipa & Elton John,Dua Lipa
Dua Lipa & Elton John,Elton John
Dua Lipa feat. DaBaby,Dua Lipa
Dua Lipa feat. DaBaby,DaBaby
Dua Lipa & Angèle,Dua Lipa
Dua Lipa & Angèle,Angèle
Dua Lipa & Rich Brian,Dua Lipa
Dua Lipa & Rich Brian,Rich Brian
Dua Lipa feat. Saweetie,Dua Lipa
Dua Lipa feat. Saweetie,Saweetie
Gallant & Dua Lipa,Gallant
Gallant & Dua Lipa,Dua Lipa
Dua Lipa feat. Hwa Sa,Dua Lipa
Dua Lipa feat. Hwa Sa,Hwa Sa
Dua Lipa & Maya Jane Coles,Dua Lipa
Dua Lipa & Maya Jane Coles,Maya Jane Coles
Dua Lipa feat. Pierre de Maere,Dua Lipa
Dua Lipa feat. Pierre de Maere,Pierre de Maere
Dua Lipa feat. Sukriti Kakar & Prakriti Kakar,Dua Lipa
Dua Lipa feat. Sukriti Kakar & Prakriti Kakar,Sukriti Kakar
Dua Lipa feat. Sukriti Kakar & Prakriti Kakar,Prakriti Kakar
Dua Lipa feat. Troye Sivan,Dua Lipa
Dua Lipa feat. Troye Sivan,Troye Sivan
DURDN feat. yama,DURDN
DURDN feat. yama,yama
"Earth, Wind & Fire",Earth
"Earth, Wind & Fire",Wind
"Earth, Wind & Fire",Fire
Efecto SR,Efecto SR
chelly,chelly
ryo,ryo
El Cuarteto de Nos,El Cuarteto de Nos
"El Freaky, De La Ghetto & Paty Cantú",El Freaky
"El Freaky, De La Ghetto & Paty Cantú",De La Ghetto
"El Freaky, De La Ghetto & Paty Cantú",Paty Cantú
ELENA ROSE,ELENA ROSE
ELFENSJóN,ELFENSJóN
Ellie Goulding feat. serpentwithfeet,Ellie Goulding
Ellie Goulding feat. serpentwithfeet,serpentwithfeet
Ellie Goulding & blackbear,Ellie Goulding
Ellie Goulding & blackbear,blackbear
Ellie Goulding & Lauv,Ellie Goulding
Ellie Goulding & Lauv,Lauv
"Ellie Goulding, Diplo & Swae Lee",Ellie Goulding
"Ellie Goulding, Diplo & Swae Lee",Diplo
"Ellie Goulding, Diplo & Swae Lee",Swae Lee
Ellie Goulding & Juice WRLD,Ellie Goulding
Ellie Goulding & Juice WRLD,Juice WRLD
Ellie Goulding & Navos feat. Big Sean,Ellie Goulding
Ellie Goulding & Navos feat. Big Sean,Navos
Ellie Goulding & Navos feat. Big Sean,Big Sean
Ellie Goulding & Russ Chimes,Ellie Goulding
Ellie Goulding & Russ Chimes,Russ Chimes
Ellie Goulding & Colbath feat. Big Sean,Ellie Goulding
Ellie Goulding & Colbath feat. Big Sean,Colbath
Ellie Goulding & Colbath feat. Big Sean,Big Sean
Ellie Goulding feat. Tinie Tempah,Ellie Goulding
Ellie Goulding feat. Tinie Tempah,Tinie Tempah
Ellie Goulding & Madeon,Ellie Goulding
Ellie Goulding & Madeon,Madeon
Ellie Goulding & DJ Fresh,Ellie Goulding
Ellie Goulding & DJ Fresh,DJ Fresh
Ellie Goulding feat. BURNS,Ellie Goulding
Ellie Goulding feat. BURNS,BURNS
Calvin Harris Ellie Goulding,Calvin Harris Ellie Goulding
Ellie Goulding & BURNS,Ellie Goulding
Ellie Goulding & BURNS,BURNS
Ellie Goulding feat. Big Sean,Ellie Goulding
Ellie Goulding feat. Big Sean,Big Sean
Ellie Goulding & Speed Radio,Ellie Goulding
Ellie Goulding & Speed Radio,Speed Radio
Ellie Goulding & NATURE,Ellie Goulding
Ellie Goulding & NATURE,NATURE
Ellie Goulding & southstar,Ellie Goulding
Ellie Goulding & southstar,southstar
Ellie Goulding feat. Diplo & Swae Lee,Ellie Goulding
Ellie Goulding feat. Diplo & Swae Lee,Diplo
Ellie Goulding feat. Diplo & Swae Lee,Swae Lee
Ellie Goulding feat. Juice WRLD,Ellie Goulding
Ellie Goulding feat. Juice WRLD,Juice WRLD
"Ellie Goulding, Diplo & Red Velvet",Ellie Goulding
"Ellie Goulding, Diplo & Red Velvet",Diplo
"Ellie Goulding, Diplo & Red Velvet",Red Velvet
Elliot Lee & Lucky Dog,Elliot Lee
Elliot Lee & Lucky Dog,Lucky Dog
Elton John,Elton John
Lord Choc Ice,Lord Choc Ice
Elton John & Dua Lipa,Elton John
Elton John & Dua Lipa,Dua Lipa
Emilia Ali & VOILÀ,Emilia Ali
Emilia Ali & VOILÀ,VOILÀ
Emmanuel,Emmanuel
Emmanuel Feat. Gian Marco,Emmanuel
Emmanuel Feat. Gian Marco,Gian Marco
Emmanuel Feat. Antonio Orozco,Emmanuel
Emmanuel Feat. Antonio Orozco,Antonio Orozco
Chino Y Nacho,Chino Y Nacho
Luis Fonsi,Luis Fonsi
Paty Cantú,Paty Cantú
Axel,Axel
Motel,Motel
Erick Mendoza & Ale Aguirre,Erick Mendoza
Erick Mendoza & Ale Aguirre,Ale Aguirre
Esau Ortiz,Esau Ortiz
Esteman,Esteman
Esteman & Lila Downs,Esteman
Esteman & Lila Downs,Lila Downs
Esteman & Daniela Spalla,Esteman
Esteman & Daniela Spalla,Daniela Spalla
Esteman feat. Jósean Log,Esteman
Esteman feat. Jósean Log,Jósean Log
Esteman & Miranda,Esteman
Esteman & Miranda,Miranda
Esteman & Rozalén,Esteman
Esteman & Rozalén,Rozalén
Esteman & Paula Pera y el fin de los Tiempos,Esteman
Esteman & Paula Pera y el fin de los Tiempos,Paula Pera y el fin de los Tiempos
Esteman feat. Marco Mares,Esteman
Esteman feat. Marco Mares,Marco Mares
Estilo Sin Limite & Paty Cantú,Estilo Sin Limite
Estilo Sin Limite & Paty Cantú,Paty Cantú
EVERGLOW,EVERGLOW
EXiNA,EXiNA
kemu feat. GUMI,kemu
kemu feat. GUMI,GUMI
ひとしずく x やま△ feat. 初音ミク、鏡音リン、鏡音レン、巡音ルカ、KAITO、MEIKO、GUMI、神威がくぽ,ひとしずく x やま△
ひとしずく x やま△ feat. 初音ミク、鏡音リン、鏡音レン、巡音ルカ、KAITO、MEIKO、GUMI、神威がくぽ,初音ミク
ひとしずく x やま△ feat. 初音ミク、鏡音リン、鏡音レン、巡音ルカ、KAITO、MEIKO、GUMI、神威がくぽ,鏡音リン
ひとしずく x やま△ feat. 初音ミク、鏡音リン、鏡音レン、巡音ルカ、KAITO、MEIKO、GUMI、神威がくぽ,鏡音レン
ひとしずく x やま△ feat. 初音ミク、鏡音リン、鏡音レン、巡音ルカ、KAITO、MEIKO、GUMI、神威がくぽ,巡音ルカ
ひとしずく x やま△ feat. 初音ミク、鏡音リン、鏡音レン、巡音ルカ、KAITO、MEIKO、GUMI、神威がくぽ,KAITO
ひとしずく x やま△ feat. 初音ミク、鏡音リン、鏡音レン、巡音ルカ、KAITO、MEIKO、GUMI、神威がくぽ,MEIKO
ひとしずく x やま△ feat. 初音ミク、鏡音リン、鏡音レン、巡音ルカ、KAITO、MEIKO、GUMI、神威がくぽ,GUMI
ひとしずく x やま△ feat. 初音ミク、鏡音リン、鏡音レン、巡音ルカ、KAITO、MEIKO、GUMI、神威がくぽ,神威がくぽ
Last Note. feat. GUMI,Last Note.
Last Note. feat. GUMI,GUMI
うたたP feat. 初音ミク,うたたP
うたたP feat. 初音ミク,初音ミク
40mP feat. GUMI,40mP
40mP feat. GUMI,GUMI
kemu feat. IA,kemu
kemu feat. IA,IA
蝶々P feat. 初音ミク,蝶々P
蝶々P feat. 初音ミク,初音ミク
cosMo＠暴走P feat. 初音ミク,cosMo＠暴走P
cosMo＠暴走P feat. 初音ミク,初音ミク
iroha(sasaki) feat. 初音ミク,iroha(sasaki)
iroha(sasaki) feat. 初音ミク,初音ミク
オワタP feat. 鏡音レン,オワタP
オワタP feat. 鏡音レン,鏡音レン
ぶっちぎりP feat. 鏡音リン,ぶっちぎりP
ぶっちぎりP feat. 鏡音リン,鏡音リン
yanagi feat. KAITO,yanagi
yanagi feat. KAITO,KAITO
mothy_悪ノP feat. MEIKO,mothy_悪ノP
mothy_悪ノP feat. MEIKO,MEIKO
Neru feat. 鏡音リン、鏡音レン,Neru
Neru feat. 鏡音リン、鏡音レン,鏡音リン
Neru feat. 鏡音リン、鏡音レン,鏡音レン
otetsu × 164 × 蝶々P feat. 巡音ルカ,otetsu × 164 × 蝶々P
otetsu × 164 × 蝶々P feat. 巡音ルカ,巡音ルカ
add9(ヘリP) feat. 初音ミク,add9(ヘリP)
add9(ヘリP) feat. 初音ミク,初音ミク
keeno feat. 初音ミク,keeno
keeno feat. 初音ミク,初音ミク
とくＰ,とくＰ
さつき　が　てんこもり,さつき　が　てんこもり
ika,ika
ハチ (Hachi),ハチ (Hachi)
yanagi,yanagi
オワタＰ,オワタＰ
sasakure.UK,sasakure.UK
19's Sound Factory,19's Sound Factory
mothy_悪ノＰ,mothy_悪ノＰ
minato(流星Ｐ),minato(流星Ｐ)
T-POCKET,T-POCKET
アゴアニキ,アゴアニキ
otetsu,otetsu
OSTER project,OSTER project
Dixie Flatline,Dixie Flatline
kz(livetune),kz(livetune)
ジミーサムＰ(Jimmy thumb P),ジミーサムＰ(Jimmy thumb P)
Junky,Junky
supercell,supercell
"F.HERO, Bodyslam & BABYMETAL",F.HERO
"F.HERO, Bodyslam & BABYMETAL",Bodyslam
"F.HERO, Bodyslam & BABYMETAL",BABYMETAL
Fact,Fact
FAKY,FAKY
Fall Out Boy,Fall Out Boy
Fall Out Boy feat. Burna Boy,Fall Out Boy
Fall Out Boy feat. Burna Boy,Burna Boy
Fall Out Boy feat. Migos,Fall Out Boy
Fall Out Boy feat. Migos,Migos
Fall Out Boy feat. A$AP Ferg,Fall Out Boy
Fall Out Boy feat. A$AP Ferg,A$AP Ferg
Fall Out Boy feat. Juicy J,Fall Out Boy
Fall Out Boy feat. Juicy J,Juicy J
Fall Out Boy feat. Azealia Banks,Fall Out Boy
Fall Out Boy feat. Azealia Banks,Azealia Banks
Fall Out Boy feat. Wiz Khalifa,Fall Out Boy
Fall Out Boy feat. Wiz Khalifa,Wiz Khalifa
Fall Out Boy feat. Big K.R.I.T.,Fall Out Boy
Fall Out Boy feat. Big K.R.I.T.,Big K.R.I.T.
Fall Out Boy feat. UZI,Fall Out Boy
Fall Out Boy feat. UZI,UZI
Fall Out Boy feat. OG Maco,Fall Out Boy
Fall Out Boy feat. OG Maco,OG Maco
Fall Out Boy feat. I LOVE MAKONNEN,Fall Out Boy
Fall Out Boy feat. I LOVE MAKONNEN,I LOVE MAKONNEN
Fall Out Boy feat. Black Thought,Fall Out Boy
Fall Out Boy feat. Black Thought,Black Thought
Fall Out Boy feat. Joey Bada$$,Fall Out Boy
Fall Out Boy feat. Joey Bada$$,Joey Bada$$
Fall Out Boy feat. Ethan Hawke,Fall Out Boy
Fall Out Boy feat. Ethan Hawke,Ethan Hawke
"Fanny Lu, Paty Cantú & Melanie Pfirrman",Fanny Lu
"Fanny Lu, Paty Cantú & Melanie Pfirrman",Paty Cantú
"Fanny Lu, Paty Cantú & Melanie Pfirrman",Melanie Pfirrman
Faylan,Faylan
FictionJunction feat. LiSA,FictionJunction
FictionJunction feat. LiSA,LiSA
FLiP,FLiP
FLOW,FLOW
FLOW feat.HISASHI(GLAY),FLOW
FLOW feat.HISASHI(GLAY),HISASHI(GLAY)
FLOW feat. TeddyLoid,FLOW
FLOW feat. TeddyLoid,TeddyLoid
FLOW feat. 疾風,FLOW
FLOW feat. 疾風,疾風
FLOW feat. AFRA,FLOW
FLOW feat. AFRA,AFRA
FLOW feat. キバオブアキバ,FLOW
FLOW feat. キバオブアキバ,キバオブアキバ
FLOW feat. Koudai Matsuoka,FLOW
FLOW feat. Koudai Matsuoka,Koudai Matsuoka
Four Tet & Ellie Goulding,Four Tet
Four Tet & Ellie Goulding,Ellie Goulding
FPX & Chrissy Costanza,FPX
FPX & Chrissy Costanza,Chrissy Costanza
"Fresquito, Mango & Aitana",Fresquito
"Fresquito, Mango & Aitana",Mango
"Fresquito, Mango & Aitana",Aitana
From Ashes to New feat. Against The Current,From Ashes to New
From Ashes to New feat. Against The Current,Against The Current
FUGAGOD & Danie Green,FUGAGOD
FUGAGOD & Danie Green,Danie Green
Fujifabric feat. 幾田りら,Fujifabric
Fujifabric feat. 幾田りら,幾田りら
Fujifabric & フレデリック,Fujifabric
Fujifabric & フレデリック,フレデリック
Fujii Kaze,Fujii Kaze
Galileo Galilei,Galileo Galilei
Galileo Galilei Feat. Aimer,Galileo Galilei
Galileo Galilei Feat. Aimer,Aimer
Galileo Galilei with Aimer,Galileo Galilei
Galileo Galilei with Aimer,Aimer
GARNiDELiA,GARNiDELiA
GARNiDELiA & HEAVYGRINDER,GARNiDELiA
GARNiDELiA & HEAVYGRINDER,HEAVYGRINDER
"GEMN, Kento Nakajima & Tatsuya Kitani",GEMN
"GEMN, Kento Nakajima & Tatsuya Kitani",Kento Nakajima
"GEMN, Kento Nakajima & Tatsuya Kitani",Tatsuya Kitani
Genie High,Genie High
Genie High feat. yama,Genie High
Genie High feat. yama,yama
Genie High feat. AiNA the END,Genie High
Genie High feat. AiNA the END,AiNA the END
Genie High feat. CHANMINA,Genie High
Genie High feat. CHANMINA,CHANMINA
Genie High feat. Utaha,Genie High
Genie High feat. Utaha,Utaha
George Michael,George Michael
George Michael & Elton John,George Michael
George Michael & Elton John,Elton John
George Michael with Astrud Gilberto,George Michael
George Michael with Astrud Gilberto,Astrud Gilberto
George Michael & Mary J. Blige,George Michael
George Michael & Mary J. Blige,Mary J. Blige
George Michael & Aretha Franklin,George Michael
George Michael & Aretha Franklin,Aretha Franklin
George Michael & Queen,George Michael
George Michael & Queen,Queen
Gera MX,Gera MX
Gera MX & Ervin River,Gera MX
Gera MX & Ervin River,Ervin River
"Gera MX, Jasiel Nuñez & Dany Calvario",Gera MX
"Gera MX, Jasiel Nuñez & Dany Calvario",Jasiel Nuñez
"Gera MX, Jasiel Nuñez & Dany Calvario",Dany Calvario
Gera MX & Villa-X,Gera MX
Gera MX & Villa-X,Villa-X
Gera MX & LIT killah,Gera MX
Gera MX & LIT killah,LIT killah
"Gera MX, DrefQuila & Samantha Barrón",Gera MX
"Gera MX, DrefQuila & Samantha Barrón",DrefQuila
"Gera MX, DrefQuila & Samantha Barrón",Samantha Barrón
Gera MX & OPYI,Gera MX
Gera MX & OPYI,OPYI
Gera MX & Nanpa Básico,Gera MX
Gera MX & Nanpa Básico,Nanpa Básico
Gera MX & Maria Becerra,Gera MX
Gera MX & Maria Becerra,Maria Becerra
Gera MX & Christian Nodal,Gera MX
Gera MX & Christian Nodal,Christian Nodal
Gera MX & Paty Cantú,Gera MX
Gera MX & Paty Cantú,Paty Cantú
gesunokiwamiotome,gesunokiwamiotome
Gilda,Gilda
globe,globe
Golden Bomber,Golden Bomber
Goldfinger,Goldfinger
Goose house,Goose house
Gorilla Attack,Gorilla Attack
Haze & Reik,Haze
Haze & Reik,Reik
Hello Sleepwalkers,Hello Sleepwalkers
Hiiragi Nao,Hiiragi Nao
Hikaru Utada,Hikaru Utada
Hikaru Utada & Skrillex,Hikaru Utada
Hikaru Utada & Skrillex,Skrillex
Hikaru Utada feat. Sheena Ringo,Hikaru Utada
Hikaru Utada feat. Sheena Ringo,Sheena Ringo
Hikaru Utada feat. KOHH,Hikaru Utada
Hikaru Utada feat. KOHH,KOHH
Hikaru Utada feat. David Sanborn,Hikaru Utada
Hikaru Utada feat. David Sanborn,David Sanborn
Hikaru Utada & 山田将司,Hikaru Utada
Hikaru Utada & 山田将司,山田将司
Hikaru Utada feat. Jevon,Hikaru Utada
Hikaru Utada feat. Jevon,Jevon
Hikaru Utada & Arca,Hikaru Utada
Hikaru Utada & Arca,Arca
Hikaru Utada & Nariaki,Hikaru Utada
Hikaru Utada & Nariaki,Nariaki
Hikaru Utada & salute,Hikaru Utada
Hikaru Utada & salute,salute
Hiroshi Kitadani,Hiroshi Kitadani
Hiroyuki Sawano,Hiroyuki Sawano
Hiroyuki Sawano feat. mizuki,Hiroyuki Sawano
Hiroyuki Sawano feat. mizuki,mizuki
Hitorie,Hitorie
hockrockb,hockrockb
hockrockb feat. 泣き虫,hockrockb
hockrockb feat. 泣き虫,泣き虫
hockrockb & Neko Saito,hockrockb
hockrockb & Neko Saito,Neko Saito
hockrockb feat. NAKIMUSHI,hockrockb
hockrockb feat. NAKIMUSHI,NAKIMUSHI
"HUGEL, J Balvin & Ellie Goulding feat. Topic, Arash & Daecolm",HUGEL
"HUGEL, J Balvin & Ellie Goulding feat. Topic, Arash & Daecolm",J Balvin
"HUGEL, J Balvin & Ellie Goulding feat. Topic, Arash & Daecolm",Ellie Goulding
"HUGEL, J Balvin & Ellie Goulding feat. Topic, Arash & Daecolm",Topic
"HUGEL, J Balvin & Ellie Goulding feat. Topic, Arash & Daecolm",Arash
"HUGEL, J Balvin & Ellie Goulding feat. Topic, Arash & Daecolm",Daecolm
"HUGEL, Topic & Arash feat. Daecolm",HUGEL
"HUGEL, Topic & Arash feat. Daecolm",Topic
"HUGEL, Topic & Arash feat. Daecolm",Arash
"HUGEL, Topic & Arash feat. Daecolm",Daecolm
Huwie Ishizaki,Huwie Ishizaki
I Don't Like Mondays.,I Don't Like Mondays.
Imagine Dragons,Imagine Dragons
Imagine Dragons & JID,Imagine Dragons
Imagine Dragons & JID,JID
Imagine Dragons feat. Cory Henry,Imagine Dragons
Imagine Dragons feat. Cory Henry,Cory Henry
Imagine Dragons feat. Ado,Imagine Dragons
Imagine Dragons feat. Ado,Ado
imase,imase
Itsue,Itsue
Izumi Kitta & Suzuko Mimori,Izumi Kitta
Izumi Kitta & Suzuko Mimori,Suzuko Mimori
"J Balvin, Dua Lipa, Bad Bunny & Tainy",J Balvin
"J Balvin, Dua Lipa, Bad Bunny & Tainy",Dua Lipa
"J Balvin, Dua Lipa, Bad Bunny & Tainy",Bad Bunny
"J Balvin, Dua Lipa, Bad Bunny & Tainy",Tainy
JAM Project,JAM Project
Javier Zuppi feat. Cecy Leos,Javier Zuppi
Javier Zuppi feat. Cecy Leos,Cecy Leos
jealkb,jealkb
Jeanette,Jeanette
JENNIE & Dua Lipa,JENNIE
JENNIE & Dua Lipa,Dua Lipa
Jesse & Joy,Jesse & Joy
Jesse & Joy & J Balvin,Jesse & Joy
Jesse & Joy & J Balvin,J Balvin
Jesse & Joy & Luis Fonsi,Jesse & Joy
Jesse & Joy & Luis Fonsi,Luis Fonsi
Jesse & Joy feat. Alejandro Sanz,Jesse & Joy
Jesse & Joy feat. Alejandro Sanz,Alejandro Sanz
Jesse & Joy feat. Tommy Torres,Jesse & Joy
Jesse & Joy feat. Tommy Torres,Tommy Torres
Jesse & Joy feat. Juan Luis Guerra,Jesse & Joy
Jesse & Joy feat. Juan Luis Guerra,Juan Luis Guerra
Jesse & Joy & Banda MS de Sergio Lizárraga,Jesse & Joy
Jesse & Joy & Banda MS de Sergio Lizárraga,Banda MS de Sergio Lizárraga
Jesse & Joy & Elsa y Elmar,Jesse & Joy
Jesse & Joy & Elsa y Elmar,Elsa y Elmar
JIHYO,JIHYO
JIHYO & 24kGoldn,JIHYO
JIHYO & 24kGoldn,24kGoldn
JIHYO & Heize,JIHYO
JIHYO & Heize,Heize
JISOO,JISOO
JotDog,JotDog
JotDog feat. Liquits,JotDog
JotDog feat. Liquits,Liquits
JotDog feat. Ale Sergi,JotDog
JotDog feat. Ale Sergi,Ale Sergi
JotDog & Ali Masare,JotDog
JotDog & Ali Masare,Ali Masare
JotDog & Dr. Shenka,JotDog
JotDog & Dr. Shenka,Dr. Shenka
JotDog feat. María Barracuda,JotDog
JotDog feat. María Barracuda,María Barracuda
JotDog feat. Sabo Romo,JotDog
JotDog feat. Sabo Romo,Sabo Romo
Juan Gabriel & Paty Cantú,Juan Gabriel
Juan Gabriel & Paty Cantú,Paty Cantú
Junior H & Peso Pluma,Junior H
Junior H & Peso Pluma,Peso Pluma
JUNNA,JUNNA
J☆Dee'Z,J☆Dee'Z
Kaia Lana & Paty Cantú,Kaia Lana
Kaia Lana & Paty Cantú,Paty Cantú
Kali Uchis,Kali Uchis
Kali Uchis & Peso Pluma,Kali Uchis
Kali Uchis & Peso Pluma,Peso Pluma
"Kali Uchis, El Alfa & JT",Kali Uchis
"Kali Uchis, El Alfa & JT",El Alfa
"Kali Uchis, El Alfa & JT",JT
Kali Uchis & KAROL G,Kali Uchis
Kali Uchis & KAROL G,KAROL G
Kali Uchis & Rauw Alejandro,Kali Uchis
Kali Uchis & Rauw Alejandro,Rauw Alejandro
Kali Uchis feat. Omar Apollo,Kali Uchis
Kali Uchis feat. Omar Apollo,Omar Apollo
Kali Uchis feat. Don Toliver,Kali Uchis
Kali Uchis feat. Don Toliver,Don Toliver
Kali Uchis & Summer Walker,Kali Uchis
Kali Uchis & Summer Walker,Summer Walker
Kali Uchis & PARTYNEXTDOOR,Kali Uchis
Kali Uchis & PARTYNEXTDOOR,PARTYNEXTDOOR
Kali Uchis & Rico Nasty,Kali Uchis
Kali Uchis & Rico Nasty,Rico Nasty
Kali Uchis & Jowell Y Randy,Kali Uchis
Kali Uchis & Jowell Y Randy,Jowell Y Randy
Kali Uchis & JHAYCO,Kali Uchis
Kali Uchis & JHAYCO,JHAYCO
"Kami-sama, I have noticed",Kami-sama
"Kami-sama, I have noticed",I have noticed
KANA-BOON,KANA-BOON
Kana-Boon feat. Mossa,Kana-Boon
Kana-Boon feat. Mossa,Mossa
Kana-Boon feat. 山田貴洋,Kana-Boon
Kana-Boon feat. 山田貴洋,山田貴洋
Kana-Boon feat. 金澤ダイスケ,Kana-Boon
Kana-Boon feat. 金澤ダイスケ,金澤ダイスケ
KANAN,KANAN
Kanon Wakeshima,Kanon Wakeshima
Karen Guy's,Karen Guy's
KAROL G,KAROL G
KAROL G & Peso Pluma,KAROL G
KAROL G & Peso Pluma,Peso Pluma
"KAROL G, Cris Mj & Ryan Castro",KAROL G
"KAROL G, Cris Mj & Ryan Castro",Cris Mj
"KAROL G, Cris Mj & Ryan Castro",Ryan Castro
KAROL G & Kali Uchis,KAROL G
KAROL G & Kali Uchis,Kali Uchis
KAROL G & Dei V,KAROL G
KAROL G & Dei V,Dei V
KAROL G & Young Miko,KAROL G
KAROL G & Young Miko,Young Miko
KAROL G & Tiësto,KAROL G
KAROL G & Tiësto,Tiësto
Keina Suda,Keina Suda
Kenia Os & Steve Aoki,Kenia Os
Kenia Os & Steve Aoki,Steve Aoki
KENN with The NaB's,KENN with The NaB's
Kensho Ono & Yoshimasa Hosoya,Kensho Ono
Kensho Ono & Yoshimasa Hosoya,Yoshimasa Hosoya
KIMERU,KIMERU
King Gnu,King Gnu
knotlamp,knotlamp
Kobasolo,Kobasolo
kobasolo & Raon,kobasolo
kobasolo & Raon,Raon
Kocchi No Kento,Kocchi No Kento
Kocchi No Kento feat. Yella.E,Kocchi No Kento
Kocchi No Kento feat. Yella.E,Yella.E
Kygo & Ellie Goulding,Kygo
Kygo & Ellie Goulding,Ellie Goulding
Kylie Minogue & Dua Lipa,Kylie Minogue
Kylie Minogue & Dua Lipa,Dua Lipa
La-Matryoshka feat. Daoko,La-Matryoshka
La-Matryoshka feat. Daoko,Daoko
La-Vie,La-Vie
"Halko Momoi, Megumi Yoshida & Tomokazu Seki",Halko Momoi
"Halko Momoi, Megumi Yoshida & Tomokazu Seki",Megumi Yoshida
"Halko Momoi, Megumi Yoshida & Tomokazu Seki",Tomokazu Seki
Halko Momoi,Halko Momoi
LACCO TOWER,LACCO TOWER
Lady Gaga & Bruno Mars,Lady Gaga
Lady Gaga & Bruno Mars,Bruno Mars
LANA,LANA
LANA feat. 7,LANA
LANA feat. 7,7
Lasso,Lasso
Lasso & Danna Paola,Lasso
Lasso & Danna Paola,Danna Paola
LE SSERAFIM,LE SSERAFIM
LE SSERAFIM & JP THE WAVY,LE SSERAFIM
LE SSERAFIM & JP THE WAVY,JP THE WAVY
"LE SSERAFIM, PinkPantheress & Dashaun Wesley",LE SSERAFIM
"LE SSERAFIM, PinkPantheress & Dashaun Wesley",PinkPantheress
"LE SSERAFIM, PinkPantheress & Dashaun Wesley",Dashaun Wesley
LE SSERAFIM & PinkPantheress,LE SSERAFIM
LE SSERAFIM & PinkPantheress,PinkPantheress
LE SSERAFIM & Nile Rodgers,LE SSERAFIM
LE SSERAFIM & Nile Rodgers,Nile Rodgers
LE SSERAFIM & David Guetta,LE SSERAFIM
LE SSERAFIM & David Guetta,David Guetta
LE SSERAFIM & Rina Sawayama,LE SSERAFIM
LE SSERAFIM & Rina Sawayama,Rina Sawayama
LE SSERAFIM & UPSAHL,LE SSERAFIM
LE SSERAFIM & UPSAHL,UPSAHL
League of Legends & Against The Current,League of Legends
League of Legends & Against The Current,Against The Current
League of Legends Music & NewJeans,League of Legends Music
League of Legends Music & NewJeans,NewJeans
League of Legends Music feat. Against the Current & Mako,League of Legends Music
League of Legends Music feat. Against the Current & Mako,Against the Current
League of Legends Music feat. Against the Current & Mako,Mako
Leo Ieiri,Leo Ieiri
Leo Rizzi,Leo Rizzi
Leo Rizzi & Paty Cantú,Leo Rizzi
Leo Rizzi & Paty Cantú,Paty Cantú
Lie and a Chameleon,Lie and a Chameleon
Liella!,Liella!
Kinako Sakurakoji (CV- Nozomi Suzuhara),Kinako Sakurakoji (CV- Nozomi Suzuhara)
葉月 恋 (CV.青山なぎさ),葉月 恋 (CV.青山なぎさ)
Keke Tang (CV- Liyuu),Keke Tang (CV- Liyuu)
嵐 千砂都 (CV.岬 なこ),嵐 千砂都 (CV.岬 なこ)
Mei Yoneme (CV- Akane Yabushima),Mei Yoneme (CV- Akane Yabushima)
Shiki Wakana (CV- Wakana Ookuma),Shiki Wakana (CV- Wakana Ookuma)
Natsumi Onitsuka (CV- Aya Emori),Natsumi Onitsuka (CV- Aya Emori)
平安名すみれ (CV.ペイトン尚未),平安名すみれ (CV.ペイトン尚未)
Kanon Shibuya (CV- Sayuri Date),Kanon Shibuya (CV- Sayuri Date)
LiL Lotus & Against The Current,LiL Lotus
LiL Lotus & Against The Current,Against The Current
LISA,LISA
LiSA,LiSA
LISA feat. Doja Cat & RAYE,LISA
LISA feat. Doja Cat & RAYE,Doja Cat
LISA feat. Doja Cat & RAYE,RAYE
LISA feat. ROSALÍA,LISA
LISA feat. ROSALÍA,ROSALÍA
LISA feat. Future,LISA
LISA feat. Future,Future
LISA feat. Megan Thee Stallion,LISA
LISA feat. Megan Thee Stallion,Megan Thee Stallion
LISA feat. Tyla,LISA
LISA feat. Tyla,Tyla
LiSA feat. Pablo,LiSA
LiSA feat. Pablo,Pablo
LiSA feat. Felix of Stray Kids,LiSA
LiSA feat. Felix of Stray Kids,Felix of Stray Kids
LiSA & Uru,LiSA
LiSA & Uru,Uru
LIT killah feat. Agus Padilla,LIT killah
LIT killah feat. Agus Padilla,Agus Padilla
Los Aguas Aguas & Cecy Leos,Los Aguas Aguas
Los Aguas Aguas & Cecy Leos,Cecy Leos
Los Rumberos & Playa Limbo,Los Rumberos
Los Rumberos & Playa Limbo,Playa Limbo
Lu,Lu
Luis Fonsi & Paty Cantú,Luis Fonsi
Luis Fonsi & Paty Cantú,Paty Cantú
Luz Pereyra & Cecy Leos,Luz Pereyra
Luz Pereyra & Cecy Leos,Cecy Leos
m-flo,m-flo
m-flo + Ruby Prophet,m-flo + Ruby Prophet
m-flo + SOL (from BIGBANG),m-flo + SOL (from BIGBANG)
m-flo + ayumi hamasaki,m-flo + ayumi hamasaki
m-flo + MNDR,m-flo + MNDR
m-flo + Yoohei Kawakami,m-flo + Yoohei Kawakami
m-flo + daoko,m-flo + daoko
m-flo + Reina Washio (Flower - E-girls),m-flo + Reina Washio (Flower - E-girls)
m-flo + Bella Blue,m-flo + Bella Blue
m-flo + Matt Cab,m-flo + Matt Cab
m-flo + MACO,m-flo + MACO
m-flo & J. Balvin,m-flo
m-flo & J. Balvin,J. Balvin
m-flo +DAOKO,m-flo +DAOKO
MADKID,MADKID
MAISONdes,MAISONdes
MAISONdes feat. asmi & すりぃ,MAISONdes
MAISONdes feat. asmi & すりぃ,asmi
MAISONdes feat. asmi & すりぃ,すりぃ
MAISONdes feat. 花譜 & ツミキ,MAISONdes
MAISONdes feat. 花譜 & ツミキ,花譜
MAISONdes feat. 花譜 & ツミキ,ツミキ
MAISONdes feat. むト & Sohbana,MAISONdes
MAISONdes feat. むト & Sohbana,むト
MAISONdes feat. むト & Sohbana,Sohbana
MAISONdes feat. 缶缶 & ハイノミ,MAISONdes
MAISONdes feat. 缶缶 & ハイノミ,缶缶
MAISONdes feat. 缶缶 & ハイノミ,ハイノミ
MAISONdes feat. yama & ニト。,MAISONdes
MAISONdes feat. yama & ニト。,yama
MAISONdes feat. yama & ニト。,ニト。
MAISONdes feat. 美波 & SAKURAmoti,MAISONdes
MAISONdes feat. 美波 & SAKURAmoti,美波
MAISONdes feat. 美波 & SAKURAmoti,SAKURAmoti
MAISONdes feat. 4na & もっさ,MAISONdes
MAISONdes feat. 4na & もっさ,4na
MAISONdes feat. 4na & もっさ,もっさ
MAISONdes feat. 9Lana & SAKURAmoti,MAISONdes
MAISONdes feat. 9Lana & SAKURAmoti,9Lana
MAISONdes feat. 9Lana & SAKURAmoti,SAKURAmoti
MAISONdes feat. Aimer & 和ぬか,MAISONdes
MAISONdes feat. Aimer & 和ぬか,Aimer
MAISONdes feat. Aimer & 和ぬか,和ぬか
MAISONdes feat. aruma & 案山子,MAISONdes
MAISONdes feat. aruma & 案山子,aruma
MAISONdes feat. aruma & 案山子,案山子
MAISONdes feat. EMA & たなか,MAISONdes
MAISONdes feat. EMA & たなか,EMA
MAISONdes feat. EMA & たなか,たなか
"MAISONdes feat. EMA, たなか & Misumi",MAISONdes
"MAISONdes feat. EMA, たなか & Misumi",EMA
"MAISONdes feat. EMA, たなか & Misumi",たなか
"MAISONdes feat. EMA, たなか & Misumi",Misumi
MAISONdes feat. Pii & meiyo,MAISONdes
MAISONdes feat. Pii & meiyo,Pii
MAISONdes feat. Pii & meiyo,meiyo
MAISONdes feat. Tani Yuuki & 菅原圭,MAISONdes
MAISONdes feat. Tani Yuuki & 菅原圭,Tani Yuuki
MAISONdes feat. Tani Yuuki & 菅原圭,菅原圭
MAISONdes feat. yama & 泣き虫,MAISONdes
MAISONdes feat. yama & 泣き虫,yama
MAISONdes feat. yama & 泣き虫,泣き虫
"MAISONdes feat. 『ユイカ』, KAFUNÉ",MAISONdes
"MAISONdes feat. 『ユイカ』, KAFUNÉ",『ユイカ』
"MAISONdes feat. 『ユイカ』, KAFUNÉ",KAFUNÉ
MAISONdes feat. あたし & zumiTa,MAISONdes
MAISONdes feat. あたし & zumiTa,あたし
MAISONdes feat. あたし & zumiTa,zumiTa
MAISONdes feat. おおお & くじら,MAISONdes
MAISONdes feat. おおお & くじら,おおお
MAISONdes feat. おおお & くじら,くじら
MAISONdes feat. こはならむ & ぜったくん,MAISONdes
MAISONdes feat. こはならむ & ぜったくん,こはならむ
MAISONdes feat. こはならむ & ぜったくん,ぜったくん
MAISONdes feat. さとうもか & くじら,MAISONdes
MAISONdes feat. さとうもか & くじら,さとうもか
MAISONdes feat. さとうもか & くじら,くじら
MAISONdes feat. はしメロ & maeshima soshi,MAISONdes
MAISONdes feat. はしメロ & maeshima soshi,はしメロ
MAISONdes feat. はしメロ & maeshima soshi,maeshima soshi
MAISONdes feat. はしメロ & 巡巡,MAISONdes
MAISONdes feat. はしメロ & 巡巡,はしメロ
MAISONdes feat. はしメロ & 巡巡,巡巡
MAISONdes feat. みきまりあ & ニト。,MAISONdes
MAISONdes feat. みきまりあ & ニト。,みきまりあ
MAISONdes feat. みきまりあ & ニト。,ニト。
"MAISONdes feat. ゆーり, はしメロ",MAISONdes
"MAISONdes feat. ゆーり, はしメロ",ゆーり
"MAISONdes feat. ゆーり, はしメロ",はしメロ
MAISONdes feat. りりあ。 & 南雲ゆうき,MAISONdes
MAISONdes feat. りりあ。 & 南雲ゆうき,りりあ。
MAISONdes feat. りりあ。 & 南雲ゆうき,南雲ゆうき
MAISONdes feat. れん & maeshima soshi,MAISONdes
MAISONdes feat. れん & maeshima soshi,れん
MAISONdes feat. れん & maeshima soshi,maeshima soshi
MAISONdes feat. アイニー & RED,MAISONdes
MAISONdes feat. アイニー & RED,アイニー
MAISONdes feat. アイニー & RED,RED
MAISONdes feat. アユニ・D & ニト。,MAISONdes
MAISONdes feat. アユニ・D & ニト。,アユニ・D
MAISONdes feat. アユニ・D & ニト。,ニト。
"MAISONdes feat. ハローキティ, なるみや & 原口沙輔",MAISONdes
"MAISONdes feat. ハローキティ, なるみや & 原口沙輔",ハローキティ
"MAISONdes feat. ハローキティ, なるみや & 原口沙輔",なるみや
"MAISONdes feat. ハローキティ, なるみや & 原口沙輔",原口沙輔
"MAISONdes feat. 乃紫, かやゆー",MAISONdes
"MAISONdes feat. 乃紫, かやゆー",乃紫
"MAISONdes feat. 乃紫, かやゆー",かやゆー
MAISONdes feat. 和ぬか & asmi,MAISONdes
MAISONdes feat. 和ぬか & asmi,和ぬか
MAISONdes feat. 和ぬか & asmi,asmi
"MAISONdes feat. 和ぬか, asmi & Taro Ishida",MAISONdes
"MAISONdes feat. 和ぬか, asmi & Taro Ishida",和ぬか
"MAISONdes feat. 和ぬか, asmi & Taro Ishida",asmi
"MAISONdes feat. 和ぬか, asmi & Taro Ishida",Taro Ishida
"MAISONdes feat. 堂村璃羽, 301 & GeG",MAISONdes
"MAISONdes feat. 堂村璃羽, 301 & GeG",堂村璃羽
"MAISONdes feat. 堂村璃羽, 301 & GeG",301
"MAISONdes feat. 堂村璃羽, 301 & GeG",GeG
"MAISONdes feat. 堂村璃羽, 301, GeG & 安本彩花",MAISONdes
"MAISONdes feat. 堂村璃羽, 301, GeG & 安本彩花",堂村璃羽
"MAISONdes feat. 堂村璃羽, 301, GeG & 安本彩花",301
"MAISONdes feat. 堂村璃羽, 301, GeG & 安本彩花",GeG
"MAISONdes feat. 堂村璃羽, 301, GeG & 安本彩花",安本彩花
MAISONdes feat. 星街すいせい & SAKUMA,MAISONdes
MAISONdes feat. 星街すいせい & SAKUMA,星街すいせい
MAISONdes feat. 星街すいせい & SAKUMA,SAKUMA
MAISONdes feat. 春野 & Aqu3ra,MAISONdes
MAISONdes feat. 春野 & Aqu3ra,春野
MAISONdes feat. 春野 & Aqu3ra,Aqu3ra
MAISONdes feat. 水槽 & A4。,MAISONdes
MAISONdes feat. 水槽 & A4。,水槽
MAISONdes feat. 水槽 & A4。,A4。
MAISONdes feat. 相沢 & 式浦躁吾,MAISONdes
MAISONdes feat. 相沢 & 式浦躁吾,相沢
MAISONdes feat. 相沢 & 式浦躁吾,式浦躁吾
MAISONdes feat. 空音 & meiyo,MAISONdes
MAISONdes feat. 空音 & meiyo,空音
MAISONdes feat. 空音 & meiyo,meiyo
"MAISONdes, issey & Isekaijoucho",MAISONdes
"MAISONdes, issey & Isekaijoucho",issey
"MAISONdes, issey & Isekaijoucho",Isekaijoucho
MAN WITH A MISSION,MAN WITH A MISSION
MAN WITH A MISSION & milet,MAN WITH A MISSION
MAN WITH A MISSION & milet,milet
milet & MAN WITH A MISSION,milet
milet & MAN WITH A MISSION,MAN WITH A MISSION
Maná ,Maná
Maná feat. Shakira,Maná
Maná feat. Shakira,Shakira
Marcela Morelo,Marcela Morelo
Mariya Takeuchi,Mariya Takeuchi
Marmi & Aitana,Marmi
Marmi & Aitana,Aitana
Martin Garrix & Dua Lipa,Martin Garrix
Martin Garrix & Dua Lipa,Dua Lipa
María José,María José
"María José, Paty Cantú & María León",María José
"María José, Paty Cantú & María León",Paty Cantú
"María José, Paty Cantú & María León",María León
Masaki Suda & Tokyo Ska Paradise Orchestra,Masaki Suda
Masaki Suda & Tokyo Ska Paradise Orchestra,Tokyo Ska Paradise Orchestra
Masami Okui,Masami Okui
Masayuki Suzuki,Masayuki Suzuki
Masayuki Suzuki feat. okazakitaiiku,Masayuki Suzuki
Masayuki Suzuki feat. okazakitaiiku,okazakitaiiku
シャネルズ,シャネルズ
Rats & Star,Rats
Rats & Star,Star
ゴスペラッツ,ゴスペラッツ
Masayuki Suzuki feat. Airi Suzuki,Masayuki Suzuki
Masayuki Suzuki feat. Airi Suzuki,Airi Suzuki
Masayuki Suzuki feat. すぅ,Masayuki Suzuki
Masayuki Suzuki feat. すぅ,すぅ
Masayuki Suzuki feat. 高城れに,Masayuki Suzuki
Masayuki Suzuki feat. 高城れに,高城れに
Masayuki Suzuki feat. Rikka Ihara,Masayuki Suzuki
Masayuki Suzuki feat. Rikka Ihara,Rikka Ihara
Masayuki Suzuki feat. 鈴木愛理,Masayuki Suzuki
Masayuki Suzuki feat. 鈴木愛理,鈴木愛理
Matenrou Opera,Matenrou Opera
Matisse,Matisse
Matisse & Pedro Capó,Matisse
Matisse & Pedro Capó,Pedro Capó
Matisse & LAGOS,Matisse
Matisse & LAGOS,LAGOS
Matisse & Camilo,Matisse
Matisse & Camilo,Camilo
Matisse & Reik,Matisse
Matisse & Reik,Reik
Matisse & Guaynaa,Matisse
Matisse & Guaynaa,Guaynaa
Matisse & ChocQuibTown,Matisse
Matisse & ChocQuibTown,ChocQuibTown
Maximum The Hormone,Maximum The Hormone
May'n,May'n
Megan Thee Stallion & Dua Lipa,Megan Thee Stallion
Megan Thee Stallion & Dua Lipa,Dua Lipa
"Megan Thee Stallion, Dua Lipa & David Guetta",Megan Thee Stallion
"Megan Thee Stallion, Dua Lipa & David Guetta",Dua Lipa
"Megan Thee Stallion, Dua Lipa & David Guetta",David Guetta
meiyo,meiyo
meiyo feat. フレデリック,meiyo
meiyo feat. フレデリック,フレデリック
Michael Jackson,Michael Jackson
Michael Jackson & Siedah Garrett,Michael Jackson
Michael Jackson & Siedah Garrett,Siedah Garrett
Michael Jackson with Paul McCartney,Michael Jackson
Michael Jackson with Paul McCartney,Paul McCartney
Michael Jackson feat. Eddie Van Halen,Michael Jackson
Michael Jackson feat. Eddie Van Halen,Eddie Van Halen
MICHI,MICHI
milet,milet
milet with iri,milet
milet with iri,iri
"milet, Aimer & Lilas Ikuta",milet
"milet, Aimer & Lilas Ikuta",Aimer
"milet, Aimer & Lilas Ikuta",Lilas Ikuta
Miley Cyrus,Miley Cyrus
Miley Cyrus feat. Brandi Carlile,Miley Cyrus
Miley Cyrus feat. Brandi Carlile,Brandi Carlile
Miley Cyrus feat. Sia,Miley Cyrus
Miley Cyrus feat. Sia,Sia
Miley Cyrus feat. Dua Lipa,Miley Cyrus
Miley Cyrus feat. Dua Lipa,Dua Lipa
Miley Cyrus feat. Billy Idol,Miley Cyrus
Miley Cyrus feat. Billy Idol,Billy Idol
Miley Cyrus feat. Joan Jett,Miley Cyrus
Miley Cyrus feat. Joan Jett,Joan Jett
Miley Cyrus feat. Stevie Nicks,Miley Cyrus
Miley Cyrus feat. Stevie Nicks,Stevie Nicks
Mili,Mili
Milo j & Peso Pluma,Milo j
Milo j & Peso Pluma,Peso Pluma
MINOE,MINOE
Minori Chihara,Minori Chihara
Kikuta Daisuke (Elements Garden),Kikuta Daisuke (Elements Garden)
Miranda,Miranda
"MisterWives, Against The Current & Chrissy Costanza",MisterWives
"MisterWives, Against The Current & Chrissy Costanza",Against The Current
"MisterWives, Against The Current & Chrissy Costanza",Chrissy Costanza
MisterWives feat. Lindsey Stirling,MisterWives
MisterWives feat. Lindsey Stirling,Lindsey Stirling
Moderatto & Aitana,Moderatto
Moderatto & Aitana,Aitana
Moenia & Paty Cantú,Moenia
Moenia & Paty Cantú,Paty Cantú
Molinette Cinema,Molinette Cinema
Montevideo,Montevideo
Morat & Aitana,Morat
Morat & Aitana,Aitana
Motel & Paty Cantú,Motel
Motel & Paty Cantú,Paty Cantú
Mr. Pig feat. Belanova,Mr. Pig
Mr. Pig feat. Belanova,Belanova
Mrs. Green Apple,Mrs. Green Apple
MY FIRST STORY feat. chelly,MY FIRST STORY
MY FIRST STORY feat. chelly,chelly
MY FIRST STORY,MY FIRST STORY
MY FIRST STORY feat. JESSE,MY FIRST STORY
MY FIRST STORY feat. JESSE,JESSE
MY FIRST STORY & HYDE,MY FIRST STORY
MY FIRST STORY & HYDE,HYDE
MYTH & ROID,MYTH
MYTH & ROID,ROID
Måneskin,Måneskin
Måneskin feat. Tom Morello,Måneskin
Måneskin feat. Tom Morello,Tom Morello
Namie Amuro,Namie Amuro
Nao Toyama,Nao Toyama
Naoko Gushima,Naoko Gushima
Nariaki,Nariaki
Natalia LaFourcade,Natalia LaFourcade
Natsu Summer,Natsu Summer
NAYEON,NAYEON
NAYEON feat. Felix,NAYEON
NAYEON feat. Felix,Felix
NAYEON feat. Wonstein,NAYEON
NAYEON feat. Wonstein,Wonstein
NELKE,NELKE
Nikki Clan,Nikki Clan
NiziU,NiziU
Nogizaka46,Nogizaka46
NONA REEVES,NONA REEVES
NONA REEVES feat. Itsuka,NONA REEVES
NONA REEVES feat. Itsuka,Itsuka
NONA REEVES feat. Keiichi Sokabe,NONA REEVES
NONA REEVES feat. Keiichi Sokabe,Keiichi Sokabe
NONA REEVES feat. Ikuko Harada,NONA REEVES
NONA REEVES feat. Ikuko Harada,Ikuko Harada
nonoc,nonoc
nævis,nævis
OFFICIAL HIGE DANDISM,OFFICIAL HIGE DANDISM
ONE OK ROCK,ONE OK ROCK
ONE OK ROCK feat. Kellin from Sleeping with Sirens,ONE OK ROCK
ONE OK ROCK feat. Kellin from Sleeping with Sirens,Kellin from Sleeping With Sirens
ONE OK ROCK feat. Tyler Carter,ONE OK ROCK
ONE OK ROCK feat. Tyler Carter,Tyler Carter
ONE OK ROCK feat. Avril Lavigne,ONE OK ROCK
ONE OK ROCK feat. Avril Lavigne,Avril Lavigne
ONE OK ROCK feat. 5 Seconds of Summer,ONE OK ROCK
ONE OK ROCK feat. 5 Seconds of Summer,5 Se
ONE OK ROCK feat. 5 Seconds of Summer,ds of Summer
ONE OK ROCK feat Alex Gaskarth,ONE OK ROCK
ONE OK ROCK feat Alex Gaskarth,Alex Gaskarth
ONE OK ROCK feat.Paledusk & CHICO CARLITO,ONE OK ROCK
ONE OK ROCK feat.Paledusk & CHICO CARLITO,Paledusk
ONE OK ROCK feat.Paledusk & CHICO CARLITO,CHICO CARLITO
ONE OK ROCK feat. CHICO CARLITO and Paledusk,ONE OK ROCK
ONE OK ROCK feat. CHICO CARLITO and Paledusk,CHICO CARLITO and Paledusk
ONE OK ROCK feat. Kiiara,ONE OK ROCK
ONE OK ROCK feat. Kiiara,Kiiara
ONE OK ROCK feat.Teddy Swims,ONE OK ROCK
ONE OK ROCK feat.Teddy Swims,Teddy Swims
ONE OK ROCK feat.藤原聡 (Official髭男dism),ONE OK ROCK
ONE OK ROCK feat.藤原聡 (Official髭男dism),藤原聡 (Official髭男dism)
ONE OK ROCK feat. テディ・スウィムズ,ONE OK ROCK
ONE OK ROCK feat. テディ・スウィムズ,テディ・スウィムズ
OnePixcel,OnePixcel
OneRepublic,OneRepublic
OxT,OxT
Pablo Alborán,Pablo Alborán
Pablo Alborán feat. Jesse & Joy,Pablo Alborán
Pablo Alborán feat. Jesse & Joy,Jesse & Joy
"Pablo Alborán, Aitana & Alvaro De Luna",Pablo Alborán
"Pablo Alborán, Aitana & Alvaro De Luna",Aitana
"Pablo Alborán, Aitana & Alvaro De Luna",Alvaro De Luna
PAELLAS,PAELLAS
Passenger,Passenger
Paty Cantú & Juhn,Paty Cantú
Paty Cantú & Juhn,Juhn
Paty Cantú & Jesse Baez,Paty Cantú
Paty Cantú & Jesse Baez,Jesse Baez
Paty Cantú & NERVO,Paty Cantú
Paty Cantú & NERVO,NERVO
Paty Cantú feat. Alejandro Sanz,Paty Cantú
Paty Cantú feat. Alejandro Sanz,Alejandro Sanz
Paty Cantú feat. Pablo Hurtado,Paty Cantú
Paty Cantú feat. Pablo Hurtado,Pablo Hurtado
Paty Cantú & KAROL G,Paty Cantú
Paty Cantú & KAROL G,KAROL G
Paty Cantú & Andrés Cepeda,Paty Cantú
Paty Cantú & Andrés Cepeda,Andrés Cepeda
Paty Cantú & Pablo López,Paty Cantú
Paty Cantú & Pablo López,Pablo López
Paty Cantú feat. Bea Miller,Paty Cantú
Paty Cantú feat. Bea Miller,Bea Miller
Paty Cantú feat. Benny Ibarra,Paty Cantú
Paty Cantú feat. Benny Ibarra,Benny Ibarra
Paty Cantú feat. María Barracuda & Niña Dioz,Paty Cantú
Paty Cantú feat. María Barracuda & Niña Dioz,María Barracuda
Paty Cantú feat. María Barracuda & Niña Dioz,Niña Dioz
Paty Cantú feat. Boy Blue,Paty Cantú
Paty Cantú feat. Boy Blue,Boy Blue
Paty Cantú feat. Erik Rubin,Paty Cantú
Paty Cantú feat. Erik Rubin,Erik Rubin
Paty Cantú feat. María José,Paty Cantú
Paty Cantú feat. María José,María José
Paty Cantú feat. Oscar Schwebel,Paty Cantú
Paty Cantú feat. Oscar Schwebel,Oscar Schwebel
Paty Cantú feat. Niña Dioz & María Barracuda,Paty Cantú
Paty Cantú feat. Niña Dioz & María Barracuda,Niña Dioz
Paty Cantú feat. Niña Dioz & María Barracuda,María Barracuda
Paty Cantú feat. Chris Mann,Paty Cantú
Paty Cantú feat. Chris Mann,Chris Mann
Paty Cantú & Hispana,Paty Cantú
Paty Cantú & Hispana,Hispana
"Paty Cantú, Pitizion & Camila Fernández",Paty Cantú
"Paty Cantú, Pitizion & Camila Fernández",Pitizion
"Paty Cantú, Pitizion & Camila Fernández",Camila Fernández
Paty Cantú & Arkano,Paty Cantú
Paty Cantú & Arkano,Arkano
Paty Cantú & Josh Radnor,Paty Cantú
Paty Cantú & Josh Radnor,Josh Radnor
Paty Cantú & Lasso,Paty Cantú
Paty Cantú & Lasso,Lasso
Paty Cantú & Leon Leiden,Paty Cantú
Paty Cantú & Leon Leiden,Leon Leiden
"Paty Cantú, Neto Peña & Gera MX",Paty Cantú
"Paty Cantú, Neto Peña & Gera MX",Neto Peña
"Paty Cantú, Neto Peña & Gera MX",Gera MX
"Paty Cantú, Ximena Sariñana & zzoilo",Paty Cantú
"Paty Cantú, Ximena Sariñana & zzoilo",Ximena Sariñana
"Paty Cantú, Ximena Sariñana & zzoilo",zzoilo
Paty Cantú & José Madero,Paty Cantú
Paty Cantú & José Madero,José Madero
Paty Cantú & El Malilla,Paty Cantú
Paty Cantú & El Malilla,El Malilla
Paty Cantú & Brisa Fenoy,Paty Cantú
Paty Cantú & Brisa Fenoy,Brisa Fenoy
Paty Cantú & Fallbrigade,Paty Cantú
Paty Cantú & Fallbrigade,Fallbrigade
Paty Cantú & Maria Becerra,Paty Cantú
Paty Cantú & Maria Becerra,Maria Becerra
Paty Cantú & Morat,Paty Cantú
Paty Cantú & Morat,Morat
Paty Cantú & Tony Aguirre,Paty Cantú
Paty Cantú & Tony Aguirre,Tony Aguirre
Paty Cantú & VADHIR,Paty Cantú
Paty Cantú & VADHIR,VADHIR
"Paty Cantú, Sofía Reyes & Kap G",Paty Cantú
"Paty Cantú, Sofía Reyes & Kap G",Sofía Reyes
"Paty Cantú, Sofía Reyes & Kap G",Kap G
Perfume,Perfume
Peso Pluma,Peso Pluma
Peso Pluma & Jasiel Nuñez,Peso Pluma
Peso Pluma & Jasiel Nuñez,Jasiel Nuñez
Peso Pluma & Junior H,Peso Pluma
Peso Pluma & Junior H,Junior H
Peso Pluma & Eladio Carrión,Peso Pluma
Peso Pluma & Eladio Carrión,Eladio Carrión
Peso Pluma & Natanael Cano,Peso Pluma
Peso Pluma & Natanael Cano,Natanael Cano
Peso Pluma & Blessd,Peso Pluma
Peso Pluma & Blessd,Blessd
Peso Pluma & Tito Double P,Peso Pluma
Peso Pluma & Tito Double P,Tito Double P
"Peso Pluma, Edgardo Nuñez & Los Dareyes De La Sierra",Peso Pluma
"Peso Pluma, Edgardo Nuñez & Los Dareyes De La Sierra",Edgardo Nuñez
"Peso Pluma, Edgardo Nuñez & Los Dareyes De La Sierra",Los Dareyes De La Sierra
Peso Pluma & Luis R Conriquez,Peso Pluma
Peso Pluma & Luis R Conriquez,Luis R
Peso Pluma & Luis R Conriquez,riquez
"Peso Pluma, Gabito Ballesteros & Junior H",Peso Pluma
"Peso Pluma, Gabito Ballesteros & Junior H",Gabito Ballesteros
"Peso Pluma, Gabito Ballesteros & Junior H",Junior H
Peso Pluma & Grupo Frontera,Peso Pluma
Peso Pluma & Grupo Frontera,Grupo Frontera
"Peso Pluma, Junior H & Eslabon Armado",Peso Pluma
"Peso Pluma, Junior H & Eslabon Armado",Junior H
"Peso Pluma, Junior H & Eslabon Armado",Eslabon Armado
Peso Pluma & Neton Vega,Peso Pluma
Peso Pluma & Neton Vega,Neton Vega
"Peso Pluma, Tito Double P & Joel De La P",Peso Pluma
"Peso Pluma, Tito Double P & Joel De La P",Tito Double P
"Peso Pluma, Tito Double P & Joel De La P",Joel De La P
"Peso Pluma, Junior H & Óscar Maydon",Peso Pluma
"Peso Pluma, Junior H & Óscar Maydon",Junior H
"Peso Pluma, Junior H & Óscar Maydon",Óscar Maydon
Peso Pluma & Chino Pacas,Peso Pluma
Peso Pluma & Chino Pacas,Chino Pacas
Peso Pluma & Estevan Plazola,Peso Pluma
Peso Pluma & Estevan Plazola,Estevan Plazola
Peso Pluma & Ivan Cornejo,Peso Pluma
Peso Pluma & Ivan Cornejo,Ivan Cornejo
Peso Pluma & Óscar Maydon,Peso Pluma
Peso Pluma & Óscar Maydon,Óscar Maydon
"Peso Pluma, Natanael Cano & Gabito Ballesteros",Peso Pluma
"Peso Pluma, Natanael Cano & Gabito Ballesteros",Natanael Cano
"Peso Pluma, Natanael Cano & Gabito Ballesteros",Gabito Ballesteros
Peso Pluma & Rich The Kid,Peso Pluma
Peso Pluma & Rich The Kid,Rich The Kid
Peso Pluma & Cardi B,Peso Pluma
Peso Pluma & Cardi B,Cardi B
Peso Pluma & Quavo,Peso Pluma
Peso Pluma & Quavo,Quavo
Peso Pluma & Arcángel,Peso Pluma
Peso Pluma & Arcángel,Arcángel
Peso Pluma & Anitta,Peso Pluma
Peso Pluma & Anitta,Anitta
Peso Pluma & Ryan Castro,Peso Pluma
Peso Pluma & Ryan Castro,Ryan Castro
Peso Pluma & Kenia Os,Peso Pluma
Peso Pluma & Kenia Os,Kenia Os
Peso Pluma & DJ Snake,Peso Pluma
Peso Pluma & DJ Snake,DJ Snake
Phantom Siita,Phantom Siita
Playa Limbo,Playa Limbo
Playa Limbo feat. Marco Mares,Playa Limbo
Playa Limbo feat. Marco Mares,Marco Mares
"Playa Limbo, Caztro & Mando",Playa Limbo
"Playa Limbo, Caztro & Mando",Caztro
"Playa Limbo, Caztro & Mando",Mando
Playa Limbo & Dany Calvario,Playa Limbo
Playa Limbo & Dany Calvario,Dany Calvario
Playa Limbo & Saak,Playa Limbo
Playa Limbo & Saak,Saak
Playa Limbo & Aleks Syntek,Playa Limbo
Playa Limbo & Aleks Syntek,Aleks Syntek
PLVTINUM & VOILÀ,PLVTINUM
PLVTINUM & VOILÀ,VOILÀ
Porta,Porta
Porta feat. Mizok & Jota,Porta
Porta feat. Mizok & Jota,Mizok
Porta feat. Mizok & Jota,Jota
Porta feat. Abram,Porta
Porta feat. Abram,Abram
Porta feat. Zpu,Porta
Porta feat. Zpu,Zpu
Porta feat. Mizok,Porta
Porta feat. Mizok,Mizok
Porta feat. Shinoflow & El Cansino,Porta
Porta feat. Shinoflow & El Cansino,Shinoflow
Porta feat. Shinoflow & El Cansino,El Cansino
Porta feat. Pumpkin,Porta
Porta feat. Pumpkin,Pumpkin
Porta feat. Syra,Porta
Porta feat. Syra,Syra
"Porta feat. Samo, Dan & Fado",Porta
"Porta feat. Samo, Dan & Fado",Samo
"Porta feat. Samo, Dan & Fado",Dan
"Porta feat. Samo, Dan & Fado",Fado
Porta feat. 2Karas,Porta
Porta feat. 2Karas,2Karas
Porta feat. Jota,Porta
Porta feat. Jota,Jota
Porta feat. Bazzel,Porta
Porta feat. Bazzel,Bazzel
Porta feat. May,Porta
Porta feat. May,May
"Porta feat. Enigmah, Cloud, Nayck & Chus",Porta
"Porta feat. Enigmah, Cloud, Nayck & Chus",Enigmah
"Porta feat. Enigmah, Cloud, Nayck & Chus",Cloud
"Porta feat. Enigmah, Cloud, Nayck & Chus",Nayck
"Porta feat. Enigmah, Cloud, Nayck & Chus",Chus
Porta feat. Abram & Fado,Porta
Porta feat. Abram & Fado,Abram
Porta feat. Abram & Fado,Fado
Porta Con Christian,Porta
Porta Con Christian,Christian
Porta Con Soma,Porta
Porta Con Soma,Soma
Porta Con Psy4 de la Rime,Porta
Porta Con Psy4 de la Rime,Psy4 de la Rime
Porta Con H0lynaight,Porta
Porta Con H0lynaight,H0lynaight
Porta Con Norykko,Porta
Porta Con Norykko,Norykko
Porta Con Santaflow,Porta
Porta Con Santaflow,Santaflow
Porta & TheGrefg,Porta
Porta & TheGrefg,TheGrefg
Porta feat. Rorro,Porta
Porta feat. Rorro,Rorro
PSY,PSY
pugcat's,pugcat's
Quevedo,Quevedo
Quevedo & Aitana,Quevedo
Quevedo & Aitana,Aitana
Quevedo & Sin Nombre,Quevedo
Quevedo & Sin Nombre,Sin Nombre
Quevedo & Yung Beef,Quevedo
Quevedo & Yung Beef,Yung Beef
Quevedo & La Pantera,Quevedo
Quevedo & La Pantera,La Pantera
Quevedo & Pitbull,Quevedo
Quevedo & Pitbull,Pitbull
Quevedo & Rels B,Quevedo
Quevedo & Rels B,Rels B
"Quevedo, De La Rose & De La Ghetto",Quevedo
"Quevedo, De La Rose & De La Ghetto",De La Rose
"Quevedo, De La Rose & De La Ghetto",De La Ghetto
Quevedo & Sech,Quevedo
Quevedo & Sech,Sech
RADIO FISH,RADIO FISH
RADWIMPS,RADWIMPS
RADWIMPS feat. Taka,RADWIMPS
RADWIMPS feat. Taka,Taka
RADWIMPS feat. あいみょん,RADWIMPS
RADWIMPS feat. あいみょん,あいみょん
RADWIMPS feat. Miyachi & Tabu Zombie,RADWIMPS
RADWIMPS feat. Miyachi & Tabu Zombie,Miyachi
RADWIMPS feat. Miyachi & Tabu Zombie,Tabu Zombie
RADWIMPS feat. 十明,RADWIMPS
RADWIMPS feat. 十明,十明
Raquel Sofia & Paty Cantú,Raquel Sofia
Raquel Sofia & Paty Cantú,Paty Cantú
Rei Yasuda,Rei Yasuda
Rei Yasuda feat. H ZETTRIO,Rei Yasuda
Rei Yasuda feat. H ZETTRIO,H ZETTRIO
ReoNa,ReoNa
RIM,RIM
理芽 feat. EMA,理芽
理芽 feat. EMA,EMA
理芽 feat. 笹川真生,理芽
理芽 feat. 笹川真生,笹川真生
RIM & Isekaijoucho,RIM
RIM & Isekaijoucho,Isekaijoucho
ROSALÍA,ROSALÍA
ROSALÍA & The Weeknd,ROSALÍA
ROSALÍA & The Weeknd,The Weeknd
ROSALÍA & Tokischa,ROSALÍA
ROSALÍA & Tokischa,Tokischa
ROSALÍA & Chencho Corleone,ROSALÍA
ROSALÍA & Chencho Corleone,Chencho Corleone
ROSALÍA & Rauw Alejandro,ROSALÍA
ROSALÍA & Rauw Alejandro,Rauw Alejandro
湊 友希那,湊 友希那
ROSÉ & Bruno Mars,ROSÉ
ROSÉ & Bruno Mars,Bruno Mars
ROTTENGRAFFTY,ROTTENGRAFFTY
Roys,Roys
RUANN,RUANN
"Ryan Oakes, Chrissy Costanza & Against The Current",Ryan Oakes
"Ryan Oakes, Chrissy Costanza & Against The Current",Chrissy Costanza
"Ryan Oakes, Chrissy Costanza & Against The Current",Against The Current
ryo (supercell) feat. Hatsune Miku,ryo (supercell)
ryo (supercell) feat. Hatsune Miku,Hatsune Miku
Ryokuoushoku Shakai,Ryokuoushoku Shakai
RØZ & Yng Lvcas,RØZ
RØZ & Yng Lvcas,Yng Lvcas
"RØZ, Natt Calma & Mau Moctezuma",RØZ
"RØZ, Natt Calma & Mau Moctezuma",Natt Calma
"RØZ, Natt Calma & Mau Moctezuma",Mau Moctezuma
Sabino,Sabino
Sabino feat. Ferraz,Sabino
Sabino feat. Ferraz,Ferraz
"Sabino feat. Fer Casillas, Ferraz, Orestes Gómez & Garam Masala",Sabino
"Sabino feat. Fer Casillas, Ferraz, Orestes Gómez & Garam Masala",Fer Casillas
"Sabino feat. Fer Casillas, Ferraz, Orestes Gómez & Garam Masala",Ferraz
"Sabino feat. Fer Casillas, Ferraz, Orestes Gómez & Garam Masala",Orestes Gómez
"Sabino feat. Fer Casillas, Ferraz, Orestes Gómez & Garam Masala",Garam Masala
Sabino feat. Dan Solo,Sabino
Sabino feat. Dan Solo,Dan Solo
Sabino & CoolestAndie,Sabino
Sabino & CoolestAndie,CoolestAndie
Sabino & Lng-SHT,Sabino
Sabino & Lng-SHT,Lng-SHT
Sabino & Loli Molina,Sabino
Sabino & Loli Molina,Loli Molina
Sabino & Código FN,Sabino
Sabino & Código FN,Código FN
Sabino & Ximena Sariñana,Sabino
Sabino & Ximena Sariñana,Ximena Sariñana
"Sabino, Fer Casillas, Aballoon, Garam Masala, Pizarro Luna, Kike Nieto & Moha",Sabino
"Sabino, Fer Casillas, Aballoon, Garam Masala, Pizarro Luna, Kike Nieto & Moha",Fer Casillas
"Sabino, Fer Casillas, Aballoon, Garam Masala, Pizarro Luna, Kike Nieto & Moha",Aballoon
"Sabino, Fer Casillas, Aballoon, Garam Masala, Pizarro Luna, Kike Nieto & Moha",Garam Masala
"Sabino, Fer Casillas, Aballoon, Garam Masala, Pizarro Luna, Kike Nieto & Moha",Pizarro Luna
"Sabino, Fer Casillas, Aballoon, Garam Masala, Pizarro Luna, Kike Nieto & Moha",Kike Nieto
"Sabino, Fer Casillas, Aballoon, Garam Masala, Pizarro Luna, Kike Nieto & Moha",Moha
Sabrina Carpenter,Sabrina Carpenter
Sabrina Carpenter feat. Dolly Parton,Sabrina Carpenter
Sabrina Carpenter feat. Dolly Parton,Dolly Parton
Safree & Paty Cantú,Safree
Safree & Paty Cantú,Paty Cantú
sakanaction,sakanaction
Sam Smith & Aitana,Sam Smith
Sam Smith & Aitana,Aitana
Sam Smith & Hikaru Utada,Sam Smith
Sam Smith & Hikaru Utada,Hikaru Utada
Samurai Flamenco,Samurai Flamenco
Samuraï & Leo Rizzi,Samuraï
Samuraï & Leo Rizzi,Leo Rizzi
Sangiovanni & Aitana,Sangiovanni
Sangiovanni & Aitana,Aitana
Satoshi (CV- Rica Matsumoto) with my friends,Satoshi (CV- Rica Matsumoto) with my friends
SawanoHiroyuki[nZk]:Tielle,SawanoHiroyuki[nZk]:Tielle
SawanoHiroyuki[nZk] feat. TOMORROW X TOGETHER,SawanoHiroyuki[nZk]
SawanoHiroyuki[nZk] feat. TOMORROW X TOGETHER,TOMORROW X TOGETHER
SawanoHiroyuki[nZk] feat. XAI,SawanoHiroyuki[nZk]
SawanoHiroyuki[nZk] feat. XAI,XAI
SawanoHiroyuki[nZk],SawanoHiroyuki[nZk]
SawanoHiroyuki[nZk]:LiSA,SawanoHiroyuki[nZk]:LiSA
SawanoHiroyuki[nZk]:Takanori Nishikawa,SawanoHiroyuki[nZk]:Takanori Nishikawa
SawanoHiroyuki[nZk]:mizuki & Tielle,SawanoHiroyuki[nZk]:mizuki
SawanoHiroyuki[nZk]:mizuki & Tielle,Tielle
SawanoHiroyuki[nZk] feat. Mica Caldito & Gemie,SawanoHiroyuki[nZk]
SawanoHiroyuki[nZk] feat. Mica Caldito & Gemie,Mica Caldito
SawanoHiroyuki[nZk] feat. Mica Caldito & Gemie,Gemie
SawanoHiroyuki[nZk] feat. Gemie,SawanoHiroyuki[nZk]
SawanoHiroyuki[nZk] feat. Gemie,Gemie
SawanoHiroyuki[nZk] feat. mizuki,SawanoHiroyuki[nZk]
SawanoHiroyuki[nZk] feat. mizuki,mizuki
SawanoHiroyuki[nZk] feat. Yosh,SawanoHiroyuki[nZk]
SawanoHiroyuki[nZk] feat. Yosh,Yosh
SawanoHiroyuki[nZk] feat. Mica Caldito,SawanoHiroyuki[nZk]
SawanoHiroyuki[nZk] feat. Mica Caldito,Mica Caldito
SawanoHiroyuki[nZk] feat. SUGIZO,SawanoHiroyuki[nZk]
SawanoHiroyuki[nZk] feat. SUGIZO,SUGIZO
SawanoHiroyuki[nZk] feat. Akihito Okano,SawanoHiroyuki[nZk]
SawanoHiroyuki[nZk] feat. Akihito Okano,Akihito Okano
SawanoHiroyuki[nZk] feat. Sukimaswitch,SawanoHiroyuki[nZk]
SawanoHiroyuki[nZk] feat. Sukimaswitch,Sukimaswitch
SawanoHiroyuki[nZk] feat. LiSA,SawanoHiroyuki[nZk]
SawanoHiroyuki[nZk] feat. LiSA,LiSA
SawanoHiroyuki[nZk] feat. Takanori Nishikawa,SawanoHiroyuki[nZk]
SawanoHiroyuki[nZk] feat. Takanori Nishikawa,Takanori Nishikawa
SawanoHiroyuki[nZk] feat. Uru,SawanoHiroyuki[nZk]
SawanoHiroyuki[nZk] feat. Uru,Uru
SawanoHiroyuki[nZk] feat. Sayuri,SawanoHiroyuki[nZk]
SawanoHiroyuki[nZk] feat. Sayuri,Sayuri
SawanoHiroyuki[nZk] feat. ASCA,SawanoHiroyuki[nZk]
SawanoHiroyuki[nZk] feat. ASCA,ASCA
SawanoHiroyuki[nZk] feat. Tielle,SawanoHiroyuki[nZk]
SawanoHiroyuki[nZk] feat. Tielle,Tielle
SawanoHiroyuki[nZk]:Anly,SawanoHiroyuki[nZk]:Anly
SawanoHiroyuki[nZk]:Laco,SawanoHiroyuki[nZk]:Laco
SawanoHiroyuki[nZk]:Gemie&Tielle,SawanoHiroyuki[nZk]:Gemie
SawanoHiroyuki[nZk]:Gemie&Tielle,Tielle
SawanoHiroyuki[nZk]:Uru,SawanoHiroyuki[nZk]:Uru
SawanoHiroyuki[nZk] feat. Laco,SawanoHiroyuki[nZk]
SawanoHiroyuki[nZk] feat. Laco,Laco
SawanoHiroyuki[nZk] feat. suis from ヨルシカ,SawanoHiroyuki[nZk]
SawanoHiroyuki[nZk] feat. suis from ヨルシカ,suis from ヨルシカ
SawanoHiroyuki[nZk] feat. ReN,SawanoHiroyuki[nZk]
SawanoHiroyuki[nZk] feat. ReN,ReN
SawanoHiroyuki[nZk] feat. 河野純喜 (JO1) & 與那城奨 (JO1),SawanoHiroyuki[nZk]
SawanoHiroyuki[nZk] feat. 河野純喜 (JO1) & 與那城奨 (JO1),河野純喜 (JO1)
SawanoHiroyuki[nZk] feat. 河野純喜 (JO1) & 與那城奨 (JO1),與那城奨 (JO1)
SawanoHiroyuki[nZk] feat. たかはしほのか,SawanoHiroyuki[nZk]
SawanoHiroyuki[nZk] feat. たかはしほのか,たかはしほのか
SawanoHiroyuki[nZk] feat. 秦 基博,SawanoHiroyuki[nZk]
SawanoHiroyuki[nZk] feat. 秦 基博,秦 基博
SawanoHiroyuki[nZk] feat. ASKA,SawanoHiroyuki[nZk]
SawanoHiroyuki[nZk] feat. ASKA,ASKA
SawanoHiroyuki[nZk] feat. Rei,SawanoHiroyuki[nZk]
SawanoHiroyuki[nZk] feat. Rei,Rei
SawanoHiroyuki[nZk] feat. XAI & Laco,SawanoHiroyuki[nZk]
SawanoHiroyuki[nZk] feat. XAI & Laco,XAI
SawanoHiroyuki[nZk] feat. XAI & Laco,Laco
SawanoHiroyuki[nZk]:Yosh,SawanoHiroyuki[nZk]:Yosh
Sayuri,Sayuri
Sayuri & MY FIRST STORY,Sayuri
Sayuri & MY FIRST STORY,MY FIRST STORY
HIRO,HIRO
SCANDAL feat. TETSUYA KOMURO,SCANDAL
SCANDAL feat. TETSUYA KOMURO,TETSUYA KOMURO
アーモンドクラッシュ,アーモンドクラッシュ
Sean Paul feat. Dua Lipa,Sean Paul
Sean Paul feat. Dua Lipa,Dua Lipa
SEKAI NO OWARI,SEKAI NO OWARI
Selena Gomez & benny blanco,Selena Gomez
Selena Gomez & benny blanco,benny blanco
"Selena Gomez, benny blanco & Gracie Abrams",Selena Gomez
"Selena Gomez, benny blanco & Gracie Abrams",benny blanco
"Selena Gomez, benny blanco & Gracie Abrams",Gracie Abrams
"Selena Gomez, benny blanco & The Marías",Selena Gomez
"Selena Gomez, benny blanco & The Marías",benny blanco
"Selena Gomez, benny blanco & The Marías",The Marías
"benny blanco, Selena Gomez & J Balvin",benny blanco
"benny blanco, Selena Gomez & J Balvin",Selena Gomez
"benny blanco, Selena Gomez & J Balvin",J Balvin
Selena Gomez,Selena Gomez
Sen Senra & Aitana,Sen Senra
Sen Senra & Aitana,Aitana
SER & Paty Cantú,SER
SER & Paty Cantú,Paty Cantú
Shigi,Shigi
Silk City & Ellie Goulding,Silk City
Silk City & Ellie Goulding,Ellie Goulding
Silk City & Ellie Goulding feat. Diplo & Mark Ronson,Silk City
Silk City & Ellie Goulding feat. Diplo & Mark Ronson,Ellie Goulding
Silk City & Ellie Goulding feat. Diplo & Mark Ronson,Diplo
Silk City & Ellie Goulding feat. Diplo & Mark Ronson,Mark Ronson
"Silk City, Dua Lipa feat. Diplo & Mark Ronson",Silk City
"Silk City, Dua Lipa feat. Diplo & Mark Ronson",Dua Lipa
"Silk City, Dua Lipa feat. Diplo & Mark Ronson",Diplo
"Silk City, Dua Lipa feat. Diplo & Mark Ronson",Mark Ronson
SiM,SiM
SiM eat. AKKOGORILLA,SiM eat. AKKOGORILLA
Sisku feat. Porta,Sisku
Sisku feat. Porta,Porta
Slushii feat. Miku Nakamura,Slushii
Slushii feat. Miku Nakamura,Miku Nakamura
SOUND HOLIC,SOUND HOLIC
SOUND HOLIC feat. team. ROCKMAN HOLIC,SOUND HOLIC
SOUND HOLIC feat. team. ROCKMAN HOLIC,team. ROCKMAN HOLIC
SOUND HOLIC feat. anporin,SOUND HOLIC
SOUND HOLIC feat. anporin,anporin
SOUND HOLIC feat. 709sec.,SOUND HOLIC
SOUND HOLIC feat. 709sec.,709sec.
SOUND HOLIC feat. A~YA,SOUND HOLIC
SOUND HOLIC feat. A~YA,A~YA
SOUND HOLIC feat. aki,SOUND HOLIC
SOUND HOLIC feat. aki,aki
SOUND HOLIC feat. Gom,SOUND HOLIC
SOUND HOLIC feat. Gom,Gom
SOUND HOLIC feat. Masako Nozawa,SOUND HOLIC
SOUND HOLIC feat. Masako Nozawa,Masako Nozawa
SOUND HOLIC feat. Masakazu Morita,SOUND HOLIC
SOUND HOLIC feat. Masakazu Morita,Masakazu Morita
SOUND HOLIC feat. Nano,SOUND HOLIC
SOUND HOLIC feat. Nano,Nano
SOUND HOLIC feat. Hanatan,SOUND HOLIC
SOUND HOLIC feat. Hanatan,Hanatan
SOUND HOLIC feat. Daisuke Kishio,SOUND HOLIC
SOUND HOLIC feat. Daisuke Kishio,Daisuke Kishio
"SOUND HOLIC feat. Nana Takahashi, 709sec.",SOUND HOLIC
"SOUND HOLIC feat. Nana Takahashi, 709sec.",Nana Takahashi
"SOUND HOLIC feat. Nana Takahashi, 709sec.",709sec.
SPYAIR,SPYAIR
STEREO DIVE FOUNDATION,STEREO DIVE FOUNDATION
Stray Kids feat. LiSA,Stray Kids
Stray Kids feat. LiSA,LiSA
Stromae,Stromae
Stromae feat. Angel Haze,Stromae
Stromae feat. Angel Haze,Angel Haze
Suchmos,Suchmos
Survive Said The Prophet,Survive Said The Prophet
Takayuki Miyauchi,Takayuki Miyauchi
Tatsuya Kitani,Tatsuya Kitani
Tatsuya Kitani feat. Eve,Tatsuya Kitani
Tatsuya Kitani feat. Eve,Eve
Tatsuya Kitani feat. NEE,Tatsuya Kitani
Tatsuya Kitani feat. NEE,NEE
Tatsuya Kitani feat. suis from ヨルシカ,Tatsuya Kitani
Tatsuya Kitani feat. suis from ヨルシカ,suis from ヨルシカ
Tatsuya Kitani feat. indigo la End,Tatsuya Kitani
Tatsuya Kitani feat. indigo la End,indigo la End
Tatsuya Kitani feat. はるまきごはん,Tatsuya Kitani
Tatsuya Kitani feat. はるまきごはん,はるまきごはん
Tatsuya Kitani feat. n-buna from ヨルシカ,Tatsuya Kitani
Tatsuya Kitani feat. n-buna from ヨルシカ,n-buna from ヨルシカ
TeddyLoid  feat. 米良美一,TeddyLoid
TeddyLoid  feat. 米良美一,米良美一
the GazettE,the GazettE
the HIATUS,the HIATUS
the HIATUS feat. Jamie Blake,the HIATUS
the HIATUS feat. Jamie Blake,Jamie Blake
The Kid LAROI & Justin Bieber,The Kid LAROI
The Kid LAROI & Justin Bieber,Justin Bieber
The Living Tombstone feat. Crusher-P,The Living Tombstone
The Living Tombstone feat. Crusher-P,Crusher-P
THE ORAL CIGARETTES,THE ORAL CIGARETTES
THE ORAL CIGARETTES feat. Masato,THE ORAL CIGARETTES
THE ORAL CIGARETTES feat. Masato,Masato
THE ORAL CIGARETTES feat. Kamui,THE ORAL CIGARETTES
THE ORAL CIGARETTES feat. Kamui,Kamui
THE ORAL CIGARETTES feat. SKY-HI,THE ORAL CIGARETTES
THE ORAL CIGARETTES feat. SKY-HI,SKY-HI
THE ORAL CIGARETTES feat. Hiro,THE ORAL CIGARETTES
THE ORAL CIGARETTES feat. Hiro,Hiro
THE ORAL CIGARETTES feat. MAH,THE ORAL CIGARETTES
THE ORAL CIGARETTES feat. MAH,MAH
THE ORAL CIGARETTES feat. Lozareena,THE ORAL CIGARETTES
THE ORAL CIGARETTES feat. Lozareena,Lozareena
The Summer Set & Against The Current,The Summer Set
The Summer Set & Against The Current,Against The Current
The Wookies feat. Belanova,The Wookies
The Wookies feat. Belanova,Belanova
TK from 凛として時雨,TK from 凛として時雨
TK from 凛として時雨 with suis from Yorushika,TK from 凛として時雨
TK from 凛として時雨 with suis from Yorushika,suis from Yorushika
TK from 凛として時雨 with milet,TK from 凛として時雨
TK from 凛として時雨 with milet,milet
TK from 凛として時雨 with 阿部芙蓉美,TK from 凛として時雨
TK from 凛として時雨 with 阿部芙蓉美,阿部芙蓉美
TK from 凛として時雨 & suis from Yorushika,TK from 凛として時雨
TK from 凛として時雨 & suis from Yorushika,suis from Yorushika
TK from 凛として時雨 & 稲葉浩志,TK from 凛として時雨
TK from 凛として時雨 & 稲葉浩志,稲葉浩志
TK from 凛として時雨 & Slushii,TK from 凛として時雨
TK from 凛として時雨 & Slushii,Slushii
TK from 凛として時雨 with 稲葉浩志,TK from 凛として時雨
TK from 凛として時雨 with 稲葉浩志,稲葉浩志
Tokyo Ska Paradise Orchestra feat. Haruko Nagaya & Ryokuoushoku Shakai,Tokyo Ska Paradise Orchestra
Tokyo Ska Paradise Orchestra feat. Haruko Nagaya & Ryokuoushoku Shakai,Haruko Nagaya
Tokyo Ska Paradise Orchestra feat. Haruko Nagaya & Ryokuoushoku Shakai,Ryokuoushoku Shakai
Tokyo Ska Paradise Orchestra,Tokyo Ska Paradise Orchestra
Tokyo Ska Paradise Orchestra feat. Shinya Ishihara & Saucy Dog,Tokyo Ska Paradise Orchestra
Tokyo Ska Paradise Orchestra feat. Shinya Ishihara & Saucy Dog,Shinya Ishihara
Tokyo Ska Paradise Orchestra feat. Shinya Ishihara & Saucy Dog,Saucy Dog
Tokyo Ska Paradise Orchestra feat. Lilas Ikuta,Tokyo Ska Paradise Orchestra
Tokyo Ska Paradise Orchestra feat. Lilas Ikuta,Lilas Ikuta
Tommy february6,Tommy february6
Too Close To Touch & Bad Omens,Too Close To Touch
Too Close To Touch & Bad Omens,Bad Omens
Too Close To Touch,Too Close To Touch
Too Close To Touch & The Word Alive,Too Close To Touch
Too Close To Touch & The Word Alive,The Word Alive
Too Close To Touch & Cane Hill,Too Close To Touch
Too Close To Touch & Cane Hill,Cane Hill
Tricker,Tricker
Tricker feat. Midna Narof,Tricker
Tricker feat. Midna Narof,Midna Narof
"TSHA, Ellie Goulding & Gregory Porter",TSHA
"TSHA, Ellie Goulding & Gregory Porter",Ellie Goulding
"TSHA, Ellie Goulding & Gregory Porter",Gregory Porter
TWICE,TWICE
TWICE feat. Lauv,TWICE
TWICE feat. Lauv,Lauv
UNISON SQUARE GARDEN,UNISON SQUARE GARDEN
Uru,Uru
Vale Garzón,Vale Garzón
Vanesa Martín & Jesse & Joy,Vanesa Martín
Vanesa Martín & Jesse & Joy,Jesse & Joy
Vaundy,Vaundy
Vaundy feat. Cory Wong,Vaundy
Vaundy feat. Cory Wong,Cory Wong
VOILÀ,VOILÀ
VOILÀ feat. Jalen Santoy,VOILÀ
VOILÀ feat. Jalen Santoy,Jalen Santoy
VOILÀ feat. Lexy Panterra,VOILÀ
VOILÀ feat. Lexy Panterra,Lexy Panterra
VOILÀ & The Ready Set,VOILÀ
VOILÀ & The Ready Set,The Ready Set
VOILÀ & Housefly,VOILÀ
VOILÀ & Housefly,Housefly
VOILÀ & COASTR.,VOILÀ
VOILÀ & COASTR.,COASTR.
VOILÀ & Stash Konig,VOILÀ
VOILÀ & Stash Konig,Stash Konig
"VOILÀ, Chrissy Costanza & Against The Current",VOILÀ
"VOILÀ, Chrissy Costanza & Against The Current",Chrissy Costanza
"VOILÀ, Chrissy Costanza & Against The Current",Against The Current
VOILÀ & AViVA,VOILÀ
VOILÀ & AViVA,AViVA
VOILÀ & Cassadee Pope,VOILÀ
VOILÀ & Cassadee Pope,Cassadee Pope
VOILÀ & Lauren Sanderson,VOILÀ
VOILÀ & Lauren Sanderson,Lauren Sanderson
VOILÀ & Megan Cromwell,VOILÀ
VOILÀ & Megan Cromwell,Megan Cromwell
VOILÀ & The Word Alive,VOILÀ
VOILÀ & The Word Alive,The Word Alive
VOILÀ & NERIAH,VOILÀ
VOILÀ & NERIAH,NERIAH
VOILÀ & Kellin Quinn,VOILÀ
VOILÀ & Kellin Quinn,Kellin Quinn
VOILÀ & Hey Violet,VOILÀ
VOILÀ & Hey Violet,Hey Violet
VOILÀ & Craig Owens,VOILÀ
VOILÀ & Craig Owens,Craig Owens
VOILÀ & phem,VOILÀ
VOILÀ & phem,phem
VOILÀ & LUNA AURA,VOILÀ
VOILÀ & LUNA AURA,LUNA AURA
VOILÀ & Chri$tian Gate$,VOILÀ
VOILÀ & Chri$tian Gate$,Chri$tian Gate$
VOILÀ & Weathers,VOILÀ
VOILÀ & Weathers,Weathers
Wagakki-Band,Wagakki-Band
Wakeys & Kocchi No Kento,Wakeys
Wakeys & Kocchi No Kento,Kocchi No Kento
"West Gold, Paty Cantú, Aczino & Muelas De Gallo",West Gold
"West Gold, Paty Cantú, Aczino & Muelas De Gallo",Paty Cantú
"West Gold, Paty Cantú, Aczino & Muelas De Gallo",Aczino
"West Gold, Paty Cantú, Aczino & Muelas De Gallo",Muelas De Gallo
Whiteberry,Whiteberry
"Wiplash, Andie Gago & Angie",Wiplash
"Wiplash, Andie Gago & Angie",Andie Gago
"Wiplash, Andie Gago & Angie",Angie
wowaka,wowaka
"キャプテンミライ, wowaka",キャプテンミライ
"キャプテンミライ, wowaka",wowaka
"acane_madder, wowaka",acane_madder
"acane_madder, wowaka",wowaka
"とくP, wowaka",とくP
"とくP, wowaka",wowaka
"wowaka, whoo",wowaka
"wowaka, whoo",whoo
"wowaka, Dixie Flatline",wowaka
"wowaka, Dixie Flatline",Dixie Flatline
X JAPAN,X JAPAN
XG,XG
yama,yama
yama & WurtS,yama
yama & WurtS,WurtS
yama & Tatsuya Kitani,yama
yama & Tatsuya Kitani,Tatsuya Kitani
YOASOBI,YOASOBI
YOASOBI feat. Midories,YOASOBI
YOASOBI feat. Midories,Midories
YOASOBI feat. ミドリーズ,YOASOBI
YOASOBI feat. ミドリーズ,ミドリーズ
YUI,YUI
Yusa Kouji & Nakamura Yuuichi & Taniyama Kishou,Yusa Kouji
Yusa Kouji & Nakamura Yuuichi & Taniyama Kishou,Nakamura Yuuichi
Yusa Kouji & Nakamura Yuuichi & Taniyama Kishou,Taniyama Kishou
Yuuichi Ikuzawa,Yuuichi Ikuzawa
Yuuri,Yuuri
Zoé,Zoé
ZUTOMAYO,ZUTOMAYO
Zwei,Zwei
zzoilo & Aitana,zzoilo
zzoilo & Aitana,Aitana
アンナノ,アンナノ
Ансамбль Весёлые ребята,Ансамбль Весёлые ребята
Neru feat. あるふぁきゅん。,Neru
Neru feat. あるふぁきゅん。,あるふぁきゅん。
CIRCRUSH feat. あるふぁきゅん。,CIRCRUSH
CIRCRUSH feat. あるふぁきゅん。,あるふぁきゅん。
"じーざすP, ワンダフル☆オポチュニティ！ feat. あるふぁきゅん。, クプラ",じーざすP
"じーざすP, ワンダフル☆オポチュニティ！ feat. あるふぁきゅん。, クプラ",ワンダフル☆オポチュニティ！
"じーざすP, ワンダフル☆オポチュニティ！ feat. あるふぁきゅん。, クプラ",あるふぁきゅん。
"じーざすP, ワンダフル☆オポチュニティ！ feat. あるふぁきゅん。, クプラ",クプラ
P.I.N.A. feat. あるふぁきゅん。,P.I.N.A.
P.I.N.A. feat. あるふぁきゅん。,あるふぁきゅん。
ゴム feat. あるふぁきゅん。,ゴム
ゴム feat. あるふぁきゅん。,あるふぁきゅん。
れるりり feat. あるふぁきゅん。,れるりり
れるりり feat. あるふぁきゅん。,あるふぁきゅん。
DECO＊27 feat. あるふぁきゅん。,DECO＊27
DECO＊27 feat. あるふぁきゅん。,あるふぁきゅん。
"SHIKATA, nomi-R-key feat. あるふぁきゅん。",SHIKATA
"SHIKATA, nomi-R-key feat. あるふぁきゅん。",nomi-R-key
"SHIKATA, nomi-R-key feat. あるふぁきゅん。",あるふぁきゅん。
doriko feat. あるふぁきゅん。,doriko
doriko feat. あるふぁきゅん。,あるふぁきゅん。
いきものがかり,いきものがかり
おくのほそみち feat. Ado,おくのほそみち
おくのほそみち feat. Ado,Ado
松本梨香／江崎とし子,松本梨香／江崎とし子
じん feat.メイリア from GARNiDELiA,じん
じん feat.メイリア from GARNiDELiA,メイリア from GARNiDELiA
じん feat.Lia,じん
じん feat.Lia,Lia
じん,じん
"とた, Daoko",とた
"とた, Daoko",Daoko
ももいろクローバーZ,ももいろクローバーZ
やなぎなぎ,やなぎなぎ
やまだ豊,やまだ豊
アイナ・ジ・エンド,アイナ・ジ・エンド
"キリト (松岡禎丞), ユージオ (島崎信長), アリス (茅野愛衣)",キリト (松岡禎丞)
"キリト (松岡禎丞), ユージオ (島崎信長), アリス (茅野愛衣)",ユージオ (島崎信長)
"キリト (松岡禎丞), ユージオ (島崎信長), アリス (茅野愛衣)",アリス (茅野愛衣)
サイキックラバー,サイキックラバー
シャンペイン,シャンペイン
ジャニーズWEST,ジャニーズWEST
スピラ・スピカ,スピラ・スピカ
セレナ(CV:牧口真幸),セレナ(CV:牧口真幸)
"ソルティリーナ(潘めぐみ),ロニエ(近藤玲奈),ティーゼ(石原夏織)",ソルティリーナ(潘めぐみ)
"ソルティリーナ(潘めぐみ),ロニエ(近藤玲奈),ティーゼ(石原夏織)",ロニエ(近藤玲奈)
"ソルティリーナ(潘めぐみ),ロニエ(近藤玲奈),ティーゼ(石原夏織)",ティーゼ(石原夏織)
ナイトメア,ナイトメア
ナノ,ナノ
ナノ feat. neko,ナノ
ナノ feat. neko,neko
ナノ feat. _,ナノ
ナノ feat. _,_
ナノ feat. My First Story,ナノ
ナノ feat. My First Story,My First Story
ダルビッシュP,ダルビッシュP
ビッケブランカ,ビッケブランカ
ビッケブランカ & 松本 大,ビッケブランカ
ビッケブランカ & 松本 大,松本 大
ビッケブランカ VS 岡崎体育,ビッケブランカ VS 岡崎体育
ピカチュウ(CV:大谷育江),ピカチュウ(CV:大谷育江)
ファンタズム(FES cv.榊原ゆい),ファンタズム(FES cv.榊原ゆい)
フラメンコガールズ(CV.戸松遥/M・A・O/山崎エリイ),フラメンコガールズ(CV.戸松遥
フラメンコガールズ(CV.戸松遥/M・A・O/山崎エリイ),M・A・O
フラメンコガールズ(CV.戸松遥/M・A・O/山崎エリイ),山崎エリイ)
フランシュシュ,フランシュシュ
フランシュシュ(源さくら(CV.本渡楓)、二階堂サキ(CV.田野アサミ)、水野愛(CV.種田梨沙)、紺野純子(CV.河瀬茉希)、ゆうぎり(CV.衣川里佳)、星川リリィ(CV.田中美海)),源さくら(CV.本渡楓)
フランシュシュ(源さくら(CV.本渡楓)、二階堂サキ(CV.田野アサミ)、水野愛(CV.種田梨沙)、紺野純子(CV.河瀬茉希)、ゆうぎり(CV.衣川里佳)、星川リリィ(CV.田中美海)),二階堂サキ(CV.田野アサミ)
フランシュシュ(源さくら(CV.本渡楓)、二階堂サキ(CV.田野アサミ)、水野愛(CV.種田梨沙)、紺野純子(CV.河瀬茉希)、ゆうぎり(CV.衣川里佳)、星川リリィ(CV.田中美海)),水野愛(CV.種田梨沙)
フランシュシュ(源さくら(CV.本渡楓)、二階堂サキ(CV.田野アサミ)、水野愛(CV.種田梨沙)、紺野純子(CV.河瀬茉希)、ゆうぎり(CV.衣川里佳)、星川リリィ(CV.田中美海)),紺野純子(CV.河瀬茉希)
フランシュシュ(源さくら(CV.本渡楓)、二階堂サキ(CV.田野アサミ)、水野愛(CV.種田梨沙)、紺野純子(CV.河瀬茉希)、ゆうぎり(CV.衣川里佳)、星川リリィ(CV.田中美海)),ゆうぎり(CV.衣川里佳)
フランシュシュ(源さくら(CV.本渡楓)、二階堂サキ(CV.田野アサミ)、水野愛(CV.種田梨沙)、紺野純子(CV.河瀬茉希)、ゆうぎり(CV.衣川里佳)、星川リリィ(CV.田中美海)),星川リリィ(CV.田中美海))
アイアンフリル,アイアンフリル
サガ・アーケッドラッパーズ,サガ・アーケッドラッパーズ
星川リリィ(CV.田中美海),星川リリィ(CV.田中美海)
源さくら(CV:本渡楓),源さくら(CV:本渡楓)
フレデリック×須田景凪,フレデリック×須田景凪
フレデリック,フレデリック
須田景凪,須田景凪
プラスティック・トゥリー,プラスティック・トゥリー
ドロップスターズ(星降そそぐ(CV:小倉唯)、月野しずく(CV:水瀬いのり)、夕陽ころな(CV:上坂すみれ)),ドロップスターズ(星降そそぐ(CV:小倉唯)
ドロップスターズ(星降そそぐ(CV:小倉唯)、月野しずく(CV:水瀬いのり)、夕陽ころな(CV:上坂すみれ)),月野しずく(CV:水瀬いのり)
ドロップスターズ(星降そそぐ(CV:小倉唯)、月野しずく(CV:水瀬いのり)、夕陽ころな(CV:上坂すみれ)),夕陽ころな(CV:上坂すみれ))
ポプ子(CV:尾崎由香)、ピピ美(CV:内田彩),ポプ子(CV:尾崎由香)
ポプ子(CV:尾崎由香)、ピピ美(CV:内田彩),ピピ美(CV:内田彩)
ポプ子(CV:伊東健人)、ピピ美(CV:木島隆一),ポプ子(CV:伊東健人)
ポプ子(CV:伊東健人)、ピピ美(CV:木島隆一),ピピ美(CV:木島隆一)
蒼井翔太(CV:蒼井翔太),蒼井翔太(CV:蒼井翔太)
ポプテピピック,ポプテピピック
ポルカドットスティングレイ,ポルカドットスティングレイ
ポルノグラフィティ,ポルノグラフィティ
ラックライフ,ラックライフ
ラミーラビリンス／アム(CV.愛美)・ルーナ(CV. 工藤晴香),ラミーラビリンス／アム(CV.愛美)・ルーナ(CV. 工藤晴香)
レン(楠木ともり),レン(楠木ともり)
三浦大知,三浦大知
上坂すみれ,上坂すみれ
中ノ森文子,中ノ森文子
中野一花 (CV:花澤香菜),中野一花 (CV:花澤香菜)
中野二乃 (CV:竹達彩奈),中野二乃 (CV:竹達彩奈)
中野三玖 (CV:伊藤美来),中野三玖 (CV:伊藤美来)
中野四葉 (CV:佐倉綾音),中野四葉 (CV:佐倉綾音)
中野五月 (CV:水瀬いのり),中野五月 (CV:水瀬いのり)
凛として時雨,凛として時雨
串田アキラ,串田アキラ
今井麻美,今井麻美
櫂トシキ (佐藤拓也) & 先導アイチ (代永翼),櫂トシキ (佐藤拓也)
櫂トシキ (佐藤拓也) & 先導アイチ (代永翼),先導アイチ (代永翼)
伊藤未来/内田彩/内田真礼/オーイシマサヨシ/KISHOW/鈴木このみ/鈴木みのり/竹達彩奈/TRUE/fhána/悠木碧他,伊藤未来
伊藤未来/内田彩/内田真礼/オーイシマサヨシ/KISHOW/鈴木このみ/鈴木みのり/竹達彩奈/TRUE/fhána/悠木碧他,内田彩
伊藤未来/内田彩/内田真礼/オーイシマサヨシ/KISHOW/鈴木このみ/鈴木みのり/竹達彩奈/TRUE/fhána/悠木碧他,内田真礼
伊藤未来/内田彩/内田真礼/オーイシマサヨシ/KISHOW/鈴木このみ/鈴木みのり/竹達彩奈/TRUE/fhána/悠木碧他,オーイシマサヨシ
伊藤未来/内田彩/内田真礼/オーイシマサヨシ/KISHOW/鈴木このみ/鈴木みのり/竹達彩奈/TRUE/fhána/悠木碧他,KISHOW
伊藤未来/内田彩/内田真礼/オーイシマサヨシ/KISHOW/鈴木このみ/鈴木みのり/竹達彩奈/TRUE/fhána/悠木碧他,鈴木このみ
伊藤未来/内田彩/内田真礼/オーイシマサヨシ/KISHOW/鈴木このみ/鈴木みのり/竹達彩奈/TRUE/fhána/悠木碧他,鈴木みのり
伊藤未来/内田彩/内田真礼/オーイシマサヨシ/KISHOW/鈴木このみ/鈴木みのり/竹達彩奈/TRUE/fhána/悠木碧他,竹達彩奈
伊藤未来/内田彩/内田真礼/オーイシマサヨシ/KISHOW/鈴木このみ/鈴木みのり/竹達彩奈/TRUE/fhána/悠木碧他,TRUE
伊藤未来/内田彩/内田真礼/オーイシマサヨシ/KISHOW/鈴木このみ/鈴木みのり/竹達彩奈/TRUE/fhána/悠木碧他,fhána
伊藤未来/内田彩/内田真礼/オーイシマサヨシ/KISHOW/鈴木このみ/鈴木みのり/竹達彩奈/TRUE/fhána/悠木碧他,悠木碧他
佐藤拓也 & 阿部敦,佐藤拓也
佐藤拓也 & 阿部敦,阿部敦
先導アイチ(CV:代永翼)&櫂トシキ(CV:佐藤拓也),先導アイチ(CV:代永翼)
先導アイチ(CV:代永翼)&櫂トシキ(CV:佐藤拓也),櫂トシキ(CV:佐藤拓也)
先導アイチ(CV:代永翼)&櫂トシキ(CV:佐藤拓也)&雀ヶ森レン(CV:阿部敦),先導アイチ(CV:代永翼)
先導アイチ(CV:代永翼)&櫂トシキ(CV:佐藤拓也)&雀ヶ森レン(CV:阿部敦),櫂トシキ(CV:佐藤拓也)
先導アイチ(CV:代永翼)&櫂トシキ(CV:佐藤拓也)&雀ヶ森レン(CV:阿部敦),雀ヶ森レン(CV:阿部敦)
大空翼(CV:三瓶由布子),大空翼(CV:三瓶由布子)
若林源三(CV:鈴村健一),若林源三(CV:鈴村健一)
Mitchie M×OSTER project feat.初音ミク,Mitchie M×OSTER project
Mitchie M×OSTER project feat.初音ミク,初音ミク
じん×kemu feat.初音ミク,じん×kemu
じん×kemu feat.初音ミク,初音ミク
Neru feat.鏡音リン、レン,Neru
Neru feat.鏡音リン、レン,鏡音リン
Neru feat.鏡音リン、レン,レン
湊 貴大(流星P) feat.初音ミク,湊 貴大(流星P)
湊 貴大(流星P) feat.初音ミク,初音ミク
ナノウ feat.初音ミク,ナノウ
ナノウ feat.初音ミク,初音ミク
halyosy feat.初音ミク with 鏡音リン、鏡音レン、巡音ルカ、KAITO、MEIKO,halyosy
halyosy feat.初音ミク with 鏡音リン、鏡音レン、巡音ルカ、KAITO、MEIKO,初音ミク
halyosy feat.初音ミク with 鏡音リン、鏡音レン、巡音ルカ、KAITO、MEIKO,鏡音リン
halyosy feat.初音ミク with 鏡音リン、鏡音レン、巡音ルカ、KAITO、MEIKO,鏡音レン
halyosy feat.初音ミク with 鏡音リン、鏡音レン、巡音ルカ、KAITO、MEIKO,巡音ルカ
halyosy feat.初音ミク with 鏡音リン、鏡音レン、巡音ルカ、KAITO、MEIKO,KAITO
halyosy feat.初音ミク with 鏡音リン、鏡音レン、巡音ルカ、KAITO、MEIKO,MEIKO
livetune feat.初音ミク,livetune
livetune feat.初音ミク,初音ミク
初音ミク,初音ミク
ＯＳＴＥＲ　ｐｒｏｊｅｃｔ,ＯＳＴＥＲ　ｐｒｏｊｅｃｔ
ｉｋａ,ｉｋａ
１９’ｓ　Ｓｏｕｎｄ　Ｆａｃｔｏｒｙ,１９’ｓ　Ｓｏｕｎｄ　Ｆａｃｔｏｒｙ
風見レン,風見レン
ｓｕｐｅｒｃｅｌｌ,ｓｕｐｅｒｃｅｌｌ
Ｏｔｏｍａｎｉａ,Ｏｔｏｍａｎｉａ
ｌｉｖｅｔｕｎｅ,ｌｉｖｅｔｕｎｅ
ラマーズＰ,ラマーズＰ
麻太郎Ｐ,麻太郎Ｐ
Minato,Minato
ｄｏｒｉｋｏ,ｄｏｒｉｋｏ
彩音～ｘｉ－ｏｎ～,彩音～ｘｉ－ｏｎ～
デッドボールＰ,デッドボールＰ
シンＰ,シンＰ
女王蜂,女王蜂
女王蜂 feat. DAOKO,女王蜂
女王蜂 feat. DAOKO,DAOKO
妖精帝國,妖精帝國
宮野真守,宮野真守
富永TOMMY弘明,富永TOMMY弘明
Yocke,Yocke
MIKOTO,MIKOTO
小野正利,小野正利
岡崎体育,岡崎体育
己龍,己龍
幾田りら,幾田りら
戸山香澄(CV.愛美)×美竹蘭(CV.佐倉綾音)×丸山彩(CV.前島亜美)×湊友希那(CV.相羽あいな)×弦巻こころ(CV.伊藤美来),戸山香澄(CV.愛美)
戸山香澄(CV.愛美)×美竹蘭(CV.佐倉綾音)×丸山彩(CV.前島亜美)×湊友希那(CV.相羽あいな)×弦巻こころ(CV.伊藤美来),美竹蘭(CV.佐倉綾音)
戸山香澄(CV.愛美)×美竹蘭(CV.佐倉綾音)×丸山彩(CV.前島亜美)×湊友希那(CV.相羽あいな)×弦巻こころ(CV.伊藤美来),丸山彩(CV.前島亜美)
戸山香澄(CV.愛美)×美竹蘭(CV.佐倉綾音)×丸山彩(CV.前島亜美)×湊友希那(CV.相羽あいな)×弦巻こころ(CV.伊藤美来),湊友希那(CV.相羽あいな)
戸山香澄(CV.愛美)×美竹蘭(CV.佐倉綾音)×丸山彩(CV.前島亜美)×湊友希那(CV.相羽あいな)×弦巻こころ(CV.伊藤美来),弦巻こころ(CV.伊藤美来)
日本アニメ(ーター)見本市-TeddyLoid-daoko,日本アニメ(ーター)見本市-TeddyLoid-daoko
暁月凛,暁月凛
東山奈央,東山奈央
サトシ with ピカチュウ（CV:松本梨香／大谷育江）,サトシ
サトシ with ピカチュウ（CV:松本梨香／大谷育江）,ピカチュウ（CV:松本梨香／大谷育江）
サトシ(CV:松本梨香),サトシ(CV:松本梨香)
林 明日香,林 明日香
椎名林檎 feat. Hikaru Utada,椎名林檎
椎名林檎 feat. Hikaru Utada,Hikaru Utada
椎名林檎 feat. 新しい学校のリーダーズ,椎名林檎
椎名林檎 feat. 新しい学校のリーダーズ,新しい学校のリーダーズ
欅坂46,欅坂46
けやき坂46,けやき坂46
水木一郎,水木一郎
水瀬いのり,水瀬いのり
氷川きよし,氷川きよし
浜崎あゆみ,浜崎あゆみ
瀧川ありさ,瀧川ありさ
眩暈SIREN,眩暈SIREN
神はサイコロを振らない × キタニタツヤ,神はサイコロを振らない
神はサイコロを振らない × キタニタツヤ,キタニタツヤ
神崎エルザ,神崎エルザ
福井舞,福井舞
空想委員会,空想委員会
米津玄師,米津玄師
糸奇はな,糸奇はな
結城明日奈 (戸松遥) & 神代凛子 (小林沙苗),結城明日奈 (戸松遥)
結城明日奈 (戸松遥) & 神代凛子 (小林沙苗),神代凛子 (小林沙苗)
美波,美波
蓮花,蓮花
蓮花 feat.Lynn,蓮花
蓮花 feat.Lynn,Lynn
藍井エイル,藍井エイル
西川 貴教,西川 貴教
"西川貴教 × Fear, and Loathing in Las Vegas",西川貴教
西川貴教 × Fear and Loathing in Las Vegas,Fear and Loathing in Las Vegas
西川貴教/水樹奈々,西川貴教
西川貴教/水樹奈々,水樹奈々
Nana Mizuki,Nana Mizuki
西沢 幸奏,西沢 幸奏
谷本貴義(Dragon Soul),谷本貴義(Dragon Soul)
近藤晃央,近藤晃央
遠藤正明,遠藤正明
鏡音リン、鏡音レン,鏡音リン
鏡音リン、鏡音レン,鏡音レン
陰陽座,陰陽座
高橋洋子,高橋洋子
黒崎真音,黒崎真音
黒崎真音 feat.TRUSTRICK,黒崎真音
黒崎真音 feat.TRUSTRICK,TRUSTRICK
5pb.,5pb.
日向小次郎(CV: 佐藤拓也)、三杉淳 (CV: 斉藤壮馬), 日向小次郎(CV: 佐藤拓也)
日向小次郎(CV: 佐藤拓也)、三杉淳 (CV: 斉藤壮馬), 三杉淳 (CV: 斉藤壮馬)
さち＆じゅり, さち＆じゅり
ガルーラ小林, ガルーラ小林
日向小次郎 & 松山光 (セリフ),日向小次郎
日向小次郎 & 松山光 (セリフ),松山光 (セリフ)
日向小次郎 & 三杉淳 (セリフ),日向小次郎
日向小次郎 & 三杉淳 (セリフ),三杉淳 (セリフ)
日向小次郎 & 若島津健 (セリフ),日向小次郎
日向小次郎 & 若島津健 (セリフ),若島津健 (セリフ)
大空翼 & 日向小次郎 (セリフ),大空翼
大空翼 & 日向小次郎 (セリフ),日向小次郎 (セリフ)
さち＆じゅり ,さち＆じゅり
